,,,,,,,,,,,,,,,,,,,,,,,,,,,,,,,,,,,,,,,,,,,,,,,,,,,,,,,,,,,,,,,,,,,,,,,,,,,,,,,,,,,,,,,,,,,,,,,,,,,,,,,,,,,,,,,,,,,,,,,,,,,,,,,,,,,,,,,,,,,,,,,,,,,,,,,,,,,,,,,,,,,,,,,,,,,,,,,,,,,,,,,,,,,,,,,,,,,,,,,,,,,,,,,,,,,,,,,,,,,,,,,,,,,,,,,,,,,,,,,,,,,,,,,,,,,,,,,
,,,,,,,,,,,,,,,,,,,,,,,,,,,,,,,,,,,,,,,,,,,,,,,,,,,,,,,,,,,,,,,,,,,,,,,,,,,,,,,,,,,,,,,,,,,,,,,,,,,,,,,,,,,,,,,,,,,,,,,,,,,,,,,,,,,,,,,,,,,,,,,,,,,,,,,,,,,,,,,,,,,,,,,,,,,,,,,,,,,,,,,,,,,,,,,,,,,,,,,,,,,,,,,,,,,,,,,,,,,,,,,,,,,,,,,,,,,,,,,,,,,,,,,,,,,,,,,
,,,,,,,,,,,,,,,,,,,,,,,,,,,,,,,,,,,,,,,,,,,,,,,,,,,,,,,,,,,,,,,,,,,,,,,,,,,,,,,,,,,,,,,,,,,,,,,,,,,,,,,,,,,,,,,,,,,,,,,,,,,,,,,,,,,,,,,,,,,,,,,,,,,,,,,,,,,,,,,,,,,,,,,,,,,,,,,,,,,,,,,,,,,,,,,,,,,,,,,,,,,,,,,,,,,,,,,,,,,,,,,,,,,,,,,,,,,,,,,,,,,,,,,,,,,,,,,
Run_ID,Sample,Alias,System,Run_Date,Run_Hour,Run_SecSince1904,PrincipalInvestigator,Material,Hole #,Project,Locality,File,Version,History,Comment,Fit_Type,Signal Norm.,Run Script,Fract_Deliv_To_MS,Weight,Ar36_Over_Ar39,Ar36_Over_Ar39_Er,PctAr36Ca,Ar37_Over_Ar39,Ar37_Over_Ar39_Er,Ca_Over_K,Ca_Over_K_Er,Cl_Over_K,Cl_Over_K_Er,Ar38_Over_Ar39,Ar38_Over_Ar39_Er,Ar40_Over_Ar39,Ar40_Over_Ar39_Er,Ar40Rad_Over_Ar39,Ar40Rad_Over_Ar39_Er,PctAr40Rad,PctAr40Rad_Er,Age,Age_Er,Age_Er_with_J_er,Age_Monte_Carlo,Age_Er_with_external_error,Fract_40Ar_Rad,Fract_40Ar_Atm,Fract_40Ar_K,Fract_39Ar_K,Fract_39Ar_Ca,Fract_38Ar_K,Fract_38Ar_Atm,Fract_38Ar_Cl,Fract_38Ar_Ca,Fract_37Ar_Ca,Fract_37Ar_K,Fract_36Ar_Atm,Fract_36Ar_Ca,Fract_36Ar_Cl,Ar39_Moles,Ar40_Moles,Irrad,J,J_Er,J_Set_Label,37_Decay,39_Decay,Ca_39_Over_37,Ca_39_Over_37_Er,Ca_38_Over_37,Ca_38_Over_37_Er,Ca_36_Over_37,Ca_36_Over_37_Er,K_38_Over_39,K_38_Over_39_Er,K_40_Over_39,K_40_Over_39_Er,K_37_Over_39,K_37_Over_39_Er,P36Cl_Over_38Cl,P36Cl_Over_38Cl_Er,Ca_Over_K_Multiplier,Ca_Over_K_Multiplier_Er,Ar40_DecayCor,Ar40_DecayCorEr,Ar39_DecayCor,Ar39_DecayCorEr,Ar38_DecayCor,Ar38_DecayCorEr,Ar37_DecayCor,Ar37_DecayCorEr,Ar36_DecayCor,Ar36_DecayCorEr,Ar40F_DecayCor,Ar40F_DecayCorEr,Isoch_36_Over_40,Pct_i36_Over_40_Er,Isoch_39_Over_40,Pct_i39_Over_40_Er,Pct_i39_Over_36_Er,Correl_40_Over_39,Correl_36_Over_39,Lambda_40K_epsilon,Lambda_40K_epsilon_Er,Lambda_40K_Beta,Lambda_40K_Beta_Er,Lambda_Ar37,Lambda_Ar37_Er,Lambda_Ar39,Lambda_Ar39_Er,Lambda_36Cl,Lambda_36Cl_Er,40K_abundance,40K_abundance_Er,Air_40_Over_36,Air_40_Over_36_Er,Air_40_Over_38,Air_40_Over_38_Er,K38_Over_39,Cl38_Over_39,Isotopic_Sources_Pct_40Ar_Rad,Isotopic_Sources_Moles_40Ar_Rad,Isotopic_Sources_Moles_Er_40Ar_Rad,Isotopic_Sources_Pct_40Ar_Atm,Isotopic_Sources_Moles_40Ar_Atm,Isotopic_Sources_Moles_Er_40Ar_Atm,Isotopic_Sources_Pct_40Ar_K,Isotopic_Sources_Moles_40Ar_K,Isotopic_Sources_Moles_Er_40Ar_K,Isotopic_Sources_Pct_39Ar_K,Isotopic_Sources_Moles_39Ar_K,Isotopic_Sources_Moles_Er_39Ar_K,Isotopic_Sources_Pct_39Ar_Ca,Isotopic_Sources_Moles_39Ar_Ca,Isotopic_Sources_Moles_Er_39Ar_Ca,Isotopic_Sources_Pct_38Ar_K,Isotopic_Sources_Moles_38Ar_K,Isotopic_Sources_Moles_Er_38Ar_K,Isotopic_Sources_Pct_38Ar_Atm,Isotopic_Sources_Moles_38Ar_Atm,Isotopic_Sources_Moles_Er_38Ar_Atm,Isotopic_Sources_Pct_38Ar_Cl,Isotopic_Sources_Moles_38Ar_Cl,Isotopic_Sources_Moles_Er_38Ar_Cl,Isotopic_Sources_Pct_38Ar_Ca,Isotopic_Sources_Moles_38Ar_Ca,Isotopic_Sources_Moles_Er_38Ar_Ca,Isotopic_Sources_Pct_37Ar_Ca,Isotopic_Sources_Moles_37Ar_Ca,Isotopic_Sources_Moles_Er_37Ar_Ca,Isotopic_Sources_Pct_37Ar_K,Isotopic_Sources_Moles_37Ar_K,Isotopic_Sources_Moles_Er_37Ar_K,Isotopic_Sources_Pct_36Ar_Atm,Isotopic_Sources_Moles_36Ar_Atm,Isotopic_Sources_Moles_Er_36Ar_Atm,Isotopic_Sources_Pct_36Ar_Ca,Isotopic_Sources_Moles_36Ar_Ca,Isotopic_Sources_Moles_Er_36Ar_Ca,Isotopic_Sources_Pct_36Ar_Cl,Isotopic_Sources_Moles_36Ar_Cl,Isotopic_Sources_Moles_Er_36Ar_Cl,Heating_Dev,Pwr_Requested,Pwr_Achieved,Pwr_AchievedSD,Pwr_AchievedMax,OP_Temp,Emissivity,Tot_Dur_Heating,Dur_Heating_At_Req_Pwr,Holes,X_Y_Pos,Laser Scan File,Beam_Dia,Ar40_,Ar40_Er,Ar39_,Ar39_Er,Ar38_,Ar38_Er,Ar37_,Ar37_Er,Ar36_,Ar36_Er,Ar40F_,Ar40F_Er,Ar40_BslnCorOnly,Ar40_Er_BslnCorOnly,Ar39_BslnCorOnly,Ar39_Er_BslnCorOnly,Ar38_BslnCorOnly,Ar38_Er_BslnCorOnly,Ar37_BslnCorOnly,Ar37_Er_BslnCorOnly,Ar36_BslnCorOnly,Ar36_Er_BslnCorOnly,Ar40F_BslnCorOnly,Ar40F_Er_BslnCorOnly,Ar40_GOF,Ar39_GOF,Ar38_GOF,Ar37_GOF,Ar36_GOF,Ar40F_GOF,Ar40_PeakHeightChange,Ar39_PeakHeightChange,Ar38_PeakHeightChange,Ar37_PeakHeightChange,Ar36_PeakHeightChange,Ar40F_PeakHeightChange,Ar40_Disc,Ar40_DiscEr,Ar39_Disc,Ar39_DiscEr,Ar38_Disc,Ar38_DiscEr,Ar37_Disc,Ar37_DiscEr,Ar36_Disc,Ar36_DiscEr,Ar40F_Disc,Ar40F_DiscEr,Ar40_ICFactor,Ar40_ICFactorEr,Ar39_ICFactor,Ar39_ICFactorEr,Ar38_ICFactor,Ar38_ICFactorEr,Ar37_ICFactor,Ar37_ICFactorEr,Ar36_ICFactor,Ar36_ICFactorEr,Ar40F_ICFactor,Ar40F_ICFactorEr,Ar40F/Ar36_,Ar40F/Ar36_Er,Ar40_Bkgd,Ar40_BkgdEr,Ar39_Bkgd,Ar39_BkgdEr,Ar38_Bkgd,Ar38_BkgdEr,Ar37_Bkgd,Ar37_BkgdEr,Ar36_Bkgd,Ar36_BkgdEr,Ar40F_Bkgd,Ar40F_BkgdEr,10K Trap_Ave,Cold Finger_Ave,ExtrColdCathode_Ave,Humidity_Ave,MSColdCathode_Ave,Pyrometer_Ave,RoughVacuumPirani_Ave,ServiceFullRange_Ave,Temperature F_Ave
23226-01A,CIA dense 197',,18,6/11/2021,12.5,3.71E+09,Brent Turin,WR Mag,9,Idaho Nat. Lab,Idaho,172.16.47.146,8.146,Multiplier Baseline = A @ 6/11/21  1:14 PM; Faraday Baseline = A @ 6/11/21  1:14 PM; Ar40 = L @ 6/11/21  1:14 PM; Ar39 = L @ 6/11/21  1:14 PM; Ar38 = L @ 6/11/21  1:14 PM; Ar37 = L @ 6/11/21  1:14 PM; Ar36 = L @ 6/11/21  1:14 PM; Ar40F = P @ 6/11/21  1:14 PM; Ar40F/Ar36 = L @ 6/11/21  1:14 PM; Ar40F/Ar36 = L @ 6/11/21  1:14 PM,,LLLLLPLAA,1,Unknown,0,0,0.1652129,0.0067778,-0.2574023,-1.513055,0.0485532,-2.963055,0.0950559,0.0134574,0.0206293,0.0489721,0.0070247,51.5039,0.6487272,2.047756,2.01971,3.980275,3.92574,0.2876408,0.2836787,0.2860734,0.1518843,0,0.039802,0.9601785,0.0000195,1.001075,-0.0010745,0.2686046,0.6375525,0.0948597,-0.0010167,1.00022,-0.0002197,1.002574,-0.002574,6.13E-09,6.12E-17,3.15E-15,85a,0.0000779,0.00001,Default,2.858092,1.000376,0.00071,0.0000496,0.0000329,7.50E-06,0.000281,6.20E-06,0.01314,0.000012,0.001003,0.00038,0.000332,0.000052,0.65,0,1.96,0,21843.8,188.5099,424.1194,3.891192,20.77,2.973214,-641.7159,19.73276,70.07,2.801785,30.258,0.3780212,0.0032161,4.080599,0.0194372,1.258881,4.092239,0.9525531,0.1449856,5.81E-11,1.60E-13,4.96E-10,8.60E-12,0.01975,0,7.07E-06,0,6.31E-09,0,0.01167,0,298.56,0.56,1583.9,0.96,0.01314,0.0046455,3.98,1.25E-16,1.24E-16,96.02,3.03E-15,1.21E-16,0,6.14E-20,2.33E-20,100.11,6.12E-17,5.61E-19,-0.11,-6.57E-20,5.02E-21,26.86,1.91E-18,7.62E-20,63.76,1.91E-18,7.62E-20,9.49,2.84E-19,4.36E-19,-0.1,-3.05E-21,9.36E-23,100.02,-9.26E-17,2.85E-18,-0.02,2.03E-20,3.18E-21,100.26,1.01E-17,4.04E-19,-0.26,-2.60E-20,9.84E-22,0,6.19E-26,9.50E-26,NWRCO2 Laser,0.1,0,0,0,0,0,74,60,4,,,2,21843.8,188.5099,423.96,3.88973,20.77,2.973214,-224.526,6.904173,70.07,2.801785,30.258,0.3780212,24214,180,439.69,3.7,74.25,2,4.514,0.24,248.64,2.3,32.003,0.3,0.9871778,0.5669284,0.1383189,0.5159493,0.6038036,0.9834982,66.24858,17.15018,14.1662,-79.76192,24.44938,81.50467,1,0,1,0,1,0,1,0,1,0,1,0,1,0,1,0,1,0,1,0,1,0,1,0,0.47258,0.0032,2370.2,56,15.73,1.2,53.48,2.2,229.04,6.9,178.57,1.6,1.745,0.23,0,0,2.07E-09,51.9486,2.10E-11,0,0.0059129,3.62E-10,73.963
23226-01B,CIA dense 197',,18,6/11/2021,13.28333,3.71E+09,Brent Turin,WR Mag,9,Idaho Nat. Lab,Idaho,172.16.47.146,8.146,Multiplier Baseline = A @ 6/11/21  1:59 PM; Faraday Baseline = A @ 6/11/21  1:59 PM; Ar40 = L @ 6/11/21  1:59 PM; Ar39 = L @ 6/11/21  1:59 PM; Ar38 = L @ 6/11/21  1:59 PM; Ar37 = A @ 6/11/21  1:59 PM; Ar36 = L @ 6/11/21  1:59 PM; Ar40F = P @ 6/11/21  1:59 PM; Ar40F/Ar36 = L @ 6/11/21  1:59 PM; Ar40F/Ar36 = L @ 6/11/21  1:59 PM,,LLLALPLAA,1,Unknown,0,0,0.1558385,0.020677,1.018606,5.649373,0.6925215,11.11671,1.362989,0.1145949,0.0613583,0.081706,0.0207744,32.82221,1.041857,-13.28529,6.171113,-40.3154,18.73032,-1.867251,0.8678005,0.9003563,0.712341,0,-0.4031417,1.403111,0.0000304,0.9959892,0.0040108,0.1601755,0.3558593,0.4816905,0.0022747,0.9999415,0.0000585,0.9898139,0.0101861,5.51E-08,1.98E-17,6.50E-16,85a,0.0000779,0.00001,Default,2.859917,1.000376,0.00071,0.0000496,0.0000329,7.50E-06,0.000281,6.20E-06,0.01314,0.000012,0.001003,0.00038,0.000332,0.000052,0.65,0,1.96,0,4507.2,105.1523,137.3216,2.955769,11.22,2.842534,775.7811,93.62068,21.4,2.801785,5.615,0.3471311,0.0046997,13.43195,0.0303459,3.180596,13.40279,0.9719075,0.1274115,5.81E-11,1.60E-13,4.96E-10,8.60E-12,0.01975,0,7.07E-06,0,6.31E-09,0,0.01167,0,298.56,0.56,1583.9,0.96,0.01314,0.039357,-40.31,-2.62E-16,1.22E-16,140.31,9.12E-16,1.21E-16,0,1.98E-20,7.51E-21,99.6,1.97E-17,4.27E-19,0.4,7.94E-20,1.11E-20,16.02,5.76E-19,7.62E-20,35.59,5.76E-19,7.62E-20,48.17,7.80E-19,4.17E-19,0.23,3.68E-21,4.44E-22,99.99,1.12E-16,1.35E-17,0.01,6.55E-21,1.03E-21,98.98,3.06E-18,4.04E-19,1.02,3.14E-20,3.86E-21,0,1.70E-25,9.10E-26,NWRCO2 Laser,0.2,0,0,0,0,0,74,60,4,,,2,4507.2,105.1523,137.27,2.954657,11.22,2.842534,271.26,32.73545,21.4,2.801785,5.615,0.3471311,6877.4,89,153,2.7,64.7,1.8,500.3,32,199.97,2.3,7.36,0.26,0.9971103,0.8644073,0.2871291,0,0.577431,0.988215,211.3998,74.0392,23.83851,0,29.54294,297.747,1,0,1,0,1,0,1,0,1,0,1,0,1,0,1,0,1,0,1,0,1,0,1,0,0.37489,0.0069,2370.2,56,15.73,1.2,53.48,2.2,229.04,6.9,178.57,1.6,1.745,0.23,0,0,2.05E-09,52.3691,2.10E-11,0,0.005936,4.66E-10,74.1628
23226-01C,CIA dense 197',,18,6/11/2021,14.03333,3.71E+09,Brent Turin,WR Mag,9,Idaho Nat. Lab,Idaho,172.16.47.146,8.146,Multiplier Baseline = A @ 6/11/21  2:46 PM; Faraday Baseline = A @ 6/11/21  2:46 PM; Ar40 = L @ 6/11/21  2:46 PM; Ar39 = L @ 6/11/21  2:46 PM; Ar38 = L @ 6/11/21  2:46 PM; Ar37 = L @ 6/11/21  2:46 PM; Ar36 = L @ 6/11/21  2:46 PM; Ar40F = P @ 6/11/21  2:46 PM; Ar40F/Ar36 = L @ 6/11/21  2:46 PM; Ar40F/Ar36 = L @ 6/11/21  2:46 PM,,LLLLLPLAA,1,Unknown,0,0,0.1302689,0.0020371,-0.0727288,-0.3368316,0.0106527,-0.6606826,0.0208745,-0.0081576,0.0058643,0.0348915,0.0019934,40.81444,0.2387063,1.891628,0.6072686,4.635926,1.488253,0.2657117,0.085295,0.091867,0.0480466,0,0.0463581,0.9536173,0.0000246,1.000239,-0.0002394,0.3766858,0.7042715,-0.0806394,-0.0003179,1.000986,-0.0009859,1.000727,-0.0007273,-4.71E-09,2.70E-16,1.10E-14,85a,0.0000779,0.00001,Default,2.861692,1.000376,0.00071,0.0000496,0.0000329,7.50E-06,0.000281,6.20E-06,0.01314,0.000012,0.001003,0.00038,0.000332,0.000052,0.65,0,1.96,0,76384.8,305.1819,1871.514,7.993627,65.3,3.720215,-630.385,19.75397,243.8,3.667424,108.866,0.3324154,0.0031941,1.555378,0.0245076,0.5847977,1.562661,0.9296601,0.1755049,5.81E-11,1.60E-13,4.96E-10,8.60E-12,0.01975,0,7.07E-06,0,6.31E-09,0,0.01167,0,298.56,0.56,1583.9,0.96,0.01314,-0.0028136,4.64,5.11E-16,1.64E-16,95.36,1.05E-14,1.58E-16,0,2.71E-19,1.03E-19,100.02,2.70E-16,1.15E-18,-0.02,-6.46E-20,4.95E-21,37.67,6.63E-18,9.97E-20,70.43,6.63E-18,9.97E-20,-8.06,-7.60E-19,5.46E-19,-0.03,-2.99E-21,9.37E-23,100.1,-9.10E-17,2.85E-18,-0.1,8.96E-20,1.40E-20,100.07,3.52E-17,5.29E-19,-0.07,-2.56E-20,9.80E-22,0,-1.66E-25,1.19E-25,NWRCO2 Laser,3,0,0,0,0,0,73,60,4,,,2,76384.8,305.1819,1870.81,7.99062,65.3,3.720215,-220.284,6.902898,243.8,3.667424,108.866,0.3324154,78755,300,1886.54,7.9,118.78,3,8.756,0.2,422.37,3.3,110.611,0.24,0.8943197,0.6432129,0.1851812,0.5820701,0.2562294,0.9669054,13.13379,-10.45911,15.98202,-40.04479,9.848808,13.53398,1,0,1,0,1,0,1,0,1,0,1,0,1,0,1,0,1,0,1,0,1,0,1,0,0.47271,0.0017,2370.2,56,15.73,1.2,53.48,2.2,229.04,6.9,178.57,1.6,1.745,0.23,0,0,2.08E-09,53.278,2.11E-11,0,0.0059551,1.44E-09,74.937
23226-01D,CIA dense 197',,18,6/11/2021,14.81667,3.71E+09,Brent Turin,WR Mag,9,Idaho Nat. Lab,Idaho,172.16.47.146,8.146,Multiplier Baseline = A @ 6/11/21  3:33 PM; Faraday Baseline = A @ 6/11/21  3:33 PM; Ar40 = L @ 6/11/21  3:33 PM; Ar39 = L @ 6/11/21  3:33 PM; Ar38 = L @ 6/11/21  3:33 PM; Ar37 = L @ 6/11/21  3:33 PM; Ar36 = L @ 6/11/21  3:33 PM; Ar40F = P @ 6/11/21  3:33 PM; Ar40F/Ar36 = L @ 6/11/21  3:33 PM; Ar40F/Ar36 = L @ 6/11/21  3:33 PM,,LLLLLPLAA,1,Unknown,0,0,0.1142704,0.0021509,-0.1049041,-0.4262671,0.0133392,-0.8358813,0.0261372,0.0104265,0.0065612,0.0382886,0.0022331,35.09238,0.2138191,0.93873,0.6462955,2.675912,1.842314,0.1318657,0.0907834,0.0923493,0.0871826,0,0.0267584,0.9732131,0.0000286,1.000303,-0.0003029,0.3432872,0.5631495,0.0939298,-0.0003666,1.000779,-0.0007791,1.001049,-0.001049,6.87E-09,2.16E-16,7.57E-15,85a,0.0000779,0.00001,Default,2.86352,1.000377,0.00071,0.0000496,0.0000329,7.50E-06,0.000281,6.20E-06,0.01314,0.000012,0.001003,0.00038,0.000332,0.000052,0.65,0,1.96,0,52461.8,236.7192,1494.963,6.121128,57.24,3.330165,-637.2535,19.77024,170.83,3.138471,79.424,0.3860052,0.0032598,1.889927,0.0285057,0.6092385,1.88036,0.9477917,0.1768393,5.81E-11,1.60E-13,4.96E-10,8.60E-12,0.01975,0,7.07E-06,0,6.31E-09,0,0.01167,0,298.56,0.56,1583.9,0.96,0.01314,0.0035964,2.68,2.03E-16,1.39E-16,97.32,7.36E-15,1.35E-16,0,2.16E-19,8.20E-20,100.03,2.16E-16,8.83E-19,-0.03,-6.53E-20,4.99E-21,34.33,4.65E-18,8.53E-20,56.31,4.65E-18,8.53E-20,9.39,7.76E-19,4.88E-19,-0.04,-3.03E-21,9.38E-23,100.08,-9.20E-17,2.85E-18,-0.08,7.16E-20,1.12E-20,100.1,2.47E-17,4.53E-19,-0.1,-2.59E-20,9.84E-22,0,1.69E-25,1.07E-25,NWRCO2 Laser,7,0,0,0,0,0,74,60,4,,,2,52461.8,236.7192,1494.4,6.118823,57.24,3.330165,-222.542,6.904173,170.83,3.138471,79.424,0.3860052,54832,230,1510.13,6,110.72,2.5,6.498,0.24,349.4,2.7,81.169,0.31,0.961223,0.6643025,0.0914507,0.0140632,0.4218309,0.9616151,23.26789,-10.52421,9.876511,-6.059817,14.47112,24.1907,1,0,1,0,1,0,1,0,1,0,1,0,1,0,1,0,1,0,1,0,1,0,1,0,0.47621,0.0017,2370.2,56,15.73,1.2,53.48,2.2,229.04,6.9,178.57,1.6,1.745,0.23,0,0,2.07E-09,50.6912,2.14E-11,0,0.0059457,7.57E-10,75.4722
23226-02A,CIA dense 197',,18,6/11/2021,21.1,3.71E+09,Brent Turin,WR Mag,9,Idaho Nat. Lab,Idaho,172.16.47.146,8.146,Multiplier Baseline = A @ 6/11/21  9:50 PM; Faraday Baseline = A @ 6/11/21  9:50 PM; Ar40 = L @ 6/11/21  9:50 PM; Ar39 = L @ 6/11/21  9:50 PM; Ar38 = L @ 6/11/21  9:50 PM; Ar37 = L @ 6/11/21  9:50 PM; Ar36 = L @ 6/11/21  9:50 PM; Ar40F = P @ 6/11/21  9:50 PM; Ar40F/Ar36 = L @ 6/11/21  9:50 PM; Ar40F/Ar36 = L @ 6/11/21  9:50 PM,,LLLLLPLAA,1,Unknown,0,0,0.1658428,0.0063022,-0.2818076,-1.662861,0.0400701,-3.256015,0.0784357,-0.0440096,0.0179032,0.0292561,0.0060741,57.18341,0.6572663,7.519973,1.885796,13.16638,3.301447,1.056078,0.264757,0.2974562,0.2064218,0,0.1316615,0.8683209,0.0000176,1.001181,-0.0011809,0.4496677,1.071535,-0.5193323,-0.0018703,1.0002,-0.0001999,1.002818,-0.0028181,-2.01E-08,7.42E-17,4.25E-15,85a,0.0000779,0.00001,Default,2.878394,1.000378,0.00071,0.0000496,0.0000329,7.50E-06,0.000281,6.20E-06,0.01314,0.000012,0.001003,0.00038,0.000332,0.000052,0.65,0,1.96,0,29436,228.2542,514.7647,4.367428,15.06,3.1241,-855.9824,19.30587,85.37,3.162278,39.752,0.4579301,0.0029084,3.774317,0.0175085,1.148685,3.789759,0.9538858,0.1386948,5.81E-11,1.60E-13,4.96E-10,8.60E-12,0.01975,0,7.07E-06,0,6.31E-09,0,0.01167,0,298.56,0.56,1583.9,0.96,0.01314,-0.0151936,13.17,5.59E-16,1.40E-16,86.83,3.69E-15,1.36E-16,0,7.46E-20,2.83E-20,100.12,7.43E-17,6.30E-19,-0.12,-8.77E-20,6.44E-21,44.97,2.33E-18,8.60E-20,107.15,2.33E-18,8.60E-20,-51.93,-1.13E-18,4.59E-19,-0.19,-4.06E-21,9.16E-23,100.02,-1.24E-16,2.79E-18,-0.02,2.47E-20,3.87E-21,100.28,1.24E-17,4.56E-19,-0.28,-3.47E-20,1.10E-21,0,-2.48E-25,1.01E-25,NWRCO2 Laser,0.1,0,0,0,0,0,74,60,14,,,2,29436,228.2542,514.57,4.365776,15.06,3.1241,-297.382,6.707168,85.37,3.162278,39.752,0.4579301,32751,200,535.03,4.1,80.85,2,3.308,0.31,285,2.6,45.415,0.39,0.9874461,0.5729391,0.2854344,0.0428675,0.6392308,0.9758359,56.93971,16.02035,20.13181,-28.58562,26.01908,64.95423,1,0,1,0,1,0,1,0,1,0,1,0,1,0,1,0,1,0,1,0,1,0,1,0,0.49649,0.0029,3315,110,20.46,1.5,65.79,2.4,300.69,6.7,199.63,1.8,5.663,0.24,0,0,1.99E-09,43.5052,2.67E-11,0,0.0059455,6.55E-10,82.2134
23226-02B,CIA dense 197',,18,6/11/2021,21.88333,3.71E+09,Brent Turin,WR Mag,9,Idaho Nat. Lab,Idaho,172.16.47.146,8.146,Multiplier Baseline = A @ 6/11/21  10:36 PM; Faraday Baseline = A @ 6/11/21  10:36 PM; Ar40 = L @ 6/11/21  10:36 PM; Ar39 = L @ 6/11/21  10:36 PM; Ar38 = L @ 6/11/21  10:36 PM; Ar37 = A @ 6/11/21  10:36 PM; Ar36 = L @ 6/11/21  10:36 PM; Ar40F = P @ 6/11/21  10:36 PM; Ar40F/Ar36 = L @ 6/11/21  10:36 PM; Ar40F/Ar36 = L @ 6/11/21  10:36 PM,,LLLALPLAA,1,Unknown,0,0,0.052276,0.0165505,2.335098,4.344447,0.5292669,8.540811,1.040647,-0.0222552,0.0558433,0.0152156,0.0189425,26.58628,1.091091,11.37729,5.050173,42.66345,18.98745,1.597546,0.708808,0.7378781,0.7324345,0,0.4266184,0.573344,0.0000376,0.9969157,0.0030843,0.8609231,0.632493,-0.5028092,0.0093931,0.9999238,0.0000762,0.9766491,0.023351,-3.21E-08,2.28E-17,6.07E-16,85a,0.0000779,0.00001,Default,2.880234,1.000379,0.00071,0.0000496,0.0000329,7.50E-06,0.000281,6.20E-06,0.01314,0.000012,0.001003,0.00038,0.000332,0.000052,0.65,0,1.96,0,4211,155.5635,158.39,2.831266,2.41,3,688.1168,82.92325,8.28,2.61725,2.867,0.4750789,0.0019204,32.57656,0.0374988,4.106697,32.41572,0.992027,0.1020194,5.81E-11,1.60E-13,4.96E-10,8.60E-12,0.01975,0,7.07E-06,0,6.31E-09,0,0.01167,0,298.56,0.56,1583.9,0.96,0.01314,-0.0076505,42.66,2.59E-16,1.15E-16,57.33,3.48E-16,1.13E-16,0,2.28E-20,8.66E-21,99.69,2.28E-17,4.09E-19,0.31,7.05E-20,9.82E-21,86.09,2.20E-19,7.12E-20,63.25,2.20E-19,7.12E-20,-50.28,-1.75E-19,4.39E-19,0.94,3.27E-21,3.94E-22,99.99,9.92E-17,1.20E-17,0.01,7.56E-21,1.18E-21,97.66,1.17E-18,3.78E-19,2.34,2.79E-20,3.42E-21,0,-3.84E-26,9.63E-26,NWRCO2 Laser,0.2,0,0,0,0,0,74,60,14,,,2,4211,155.5635,158.33,2.830194,2.41,3,238.91,28.79045,8.28,2.61725,2.867,0.4750789,7526,110,178.79,2.4,68.2,1.8,539.6,28,207.91,1.9,8.53,0.41,0.9971231,0.9134778,0.2808833,0,0.7628002,0.9789314,227.8029,72.29706,21.4451,0,36.00249,323.6435,1,0,1,0,1,0,1,0,1,0,1,0,1,0,1,0,1,0,1,0,1,0,1,0,0.46541,0.0098,3315,110,20.46,1.5,65.79,2.4,300.69,6.7,199.63,1.8,5.663,0.24,0,0,1.96E-09,43.7613,2.66E-11,0,0.0059403,1.27E-09,82.1911
23226-02C,CIA dense 197',,18,6/11/2021,22.63333,3.71E+09,Brent Turin,WR Mag,9,Idaho Nat. Lab,Idaho,172.16.47.146,8.146,Multiplier Baseline = A @ 6/11/21  11:22 PM; Faraday Baseline = A @ 6/11/21  11:22 PM; Ar40 = L @ 6/11/21  11:22 PM; Ar39 = L @ 6/11/21  11:22 PM; Ar38 = L @ 6/11/21  11:22 PM; Ar37 = L @ 6/11/21  11:22 PM; Ar36 = L @ 6/11/21  11:22 PM; Ar40F = P @ 6/11/21  11:22 PM; Ar40F/Ar36 = L @ 6/11/21  11:22 PM; Ar40F/Ar36 = L @ 6/11/21  11:22 PM,,LLLLLPLAA,1,Unknown,0,0,0.103891,0.0014231,-0.0879717,-0.3249156,0.0075337,-0.6373383,0.0147629,-0.0065626,0.0040347,0.0304692,0.0013697,33.62305,0.1502294,2.576477,0.4264755,7.664828,1.268726,0.3619008,0.0598982,0.0758124,0.0460427,0,0.076646,0.9233242,0.0000298,1.000231,-0.0002309,0.4313552,0.6432841,-0.0742881,-0.0003512,1.001022,-0.001022,1.00088,-0.0008797,-4.79E-09,3.74E-16,1.26E-14,85a,0.0000779,0.00001,Default,2.882025,1.000379,0.00071,0.0000496,0.0000329,7.50E-06,0.000281,6.20E-06,0.01314,0.000012,0.001003,0.00038,0.000332,0.000052,0.65,0,1.96,0,87078,273.13,2589.831,8.240839,78.91,3.538361,-841.4764,19.32642,269.06,3.58469,123.984,0.4243819,0.0030927,1.367591,0.0297493,0.4467663,1.368619,0.9466817,0.1610341,5.81E-11,1.60E-13,4.96E-10,8.60E-12,0.01975,0,7.07E-06,0,6.31E-09,0,0.01167,0,298.56,0.56,1583.9,0.96,0.01314,-0.0022635,7.66,9.63E-16,1.59E-16,92.33,1.16E-14,1.54E-16,0,3.75E-19,1.42E-19,100.02,3.74E-16,1.19E-18,-0.02,-8.63E-20,6.34E-21,43.14,7.32E-18,9.75E-20,64.33,7.32E-18,9.75E-20,-7.43,-8.46E-19,5.20E-19,-0.04,-4.00E-21,9.17E-23,100.1,-1.22E-16,2.79E-18,-0.1,1.24E-19,1.94E-20,100.09,3.88E-17,5.17E-19,-0.09,-3.41E-20,1.09E-21,0,-1.86E-25,1.14E-25,NWRCO2 Laser,3,0,0,0,0,0,73,60,14,,,2,87078,273.13,2588.85,8.237718,78.91,3.538361,-291.974,6.705848,269.06,3.58469,123.984,0.4243819,90393,250,2609.31,8.1,144.7,2.6,8.716,0.28,468.69,3.1,129.647,0.35,0.9169569,0.8647201,0.0150911,0.3186409,0.1646232,0.9161278,10.95908,-14.81274,2.990921,-30.0314,6.1876,10.06434,1,0,1,0,1,0,1,0,1,0,1,0,1,0,1,0,1,0,1,0,1,0,1,0,0.48305,0.0014,3315,110,20.46,1.5,65.79,2.4,300.69,6.7,199.63,1.8,5.663,0.24,0,0,2.00E-09,45.8286,2.67E-11,0,0.0059331,4.94E-10,82.007
23226-02D,CIA dense 197',,18,6/11/2021,23.41667,3.71E+09,Brent Turin,WR Mag,9,Idaho Nat. Lab,Idaho,172.16.47.146,8.146,Multiplier Baseline = A @ 6/12/21  12:09 AM; Faraday Baseline = A @ 6/12/21  12:09 AM; Ar40 = L @ 6/12/21  12:09 AM; Ar39 = L @ 6/12/21  12:09 AM; Ar38 = L @ 6/12/21  12:09 AM; Ar37 = L @ 6/12/21  12:09 AM; Ar36 = L @ 6/12/21  12:09 AM; Ar40F = P @ 6/12/21  12:09 AM; Ar40F/Ar36 = L @ 6/12/21  12:09 AM; Ar40F/Ar36 = L @ 6/12/21  12:09 AM,,LLLLLPLAA,1,Unknown,0,0,0.1191302,0.0016553,-0.0882988,-0.3740114,0.0087561,-0.7335183,0.0171576,0.0025676,0.0047703,0.0364923,0.0016215,38.85973,0.1677561,3.258955,0.4897458,8.388904,1.260524,0.4577519,0.0687808,0.0904757,0.0537847,0,0.0838869,0.9160873,0.0000258,1.000266,-0.0002658,0.3601721,0.6158972,0.0242682,-0.0003375,1.000888,-0.0008879,1.000883,-0.000883,1.63E-09,3.22E-16,1.25E-14,85a,0.0000779,0.00001,Default,2.883862,1.000379,0.00071,0.0000496,0.0000329,7.50E-06,0.000281,6.20E-06,0.01314,0.000012,0.001003,0.00038,0.000332,0.000052,0.65,0,1.96,0,86830,228.2542,2234.447,7.651429,81.54,3.612478,-835.7086,19.35458,266.19,3.58469,121.382,0.4924429,0.0030684,1.370921,0.0257411,0.431636,1.388349,0.951138,0.1167878,5.81E-11,1.60E-13,4.96E-10,8.60E-12,0.01975,0,7.07E-06,0,6.31E-09,0,0.01167,0,298.56,0.56,1583.9,0.96,0.01314,0.0008856,8.39,1.05E-15,1.58E-16,91.61,1.15E-14,1.54E-16,0,3.23E-19,1.23E-19,100.03,3.22E-16,1.10E-18,-0.03,-8.57E-20,6.30E-21,36.02,7.24E-18,9.75E-20,61.59,7.24E-18,9.75E-20,2.43,2.85E-19,5.30E-19,-0.03,-3.97E-21,9.18E-23,100.09,-1.21E-16,2.79E-18,-0.09,1.07E-19,1.68E-20,100.09,3.84E-17,5.17E-19,-0.09,-3.39E-20,1.08E-21,0,6.28E-26,1.17E-25,NWRCO2 Laser,7,0,0,0,0,0,74,60,14,,,2,86830,228.2542,2233.6,7.648529,81.54,3.612478,-289.788,6.711341,266.19,3.58469,121.382,0.4924429,90145,200,2254.06,7.5,147.33,2.7,10.902,0.39,465.82,3.1,127.045,0.43,0.9241817,0.8347246,0.0000526,0.4943247,0.292701,0.9003097,8.85453,-13.91202,0.1809315,-53.00594,9.555494,11.60558,1,0,1,0,1,0,1,0,1,0,1,0,1,0,1,0,1,0,1,0,1,0,1,0,0.47599,0.0015,3315,110,20.46,1.5,65.79,2.4,300.69,6.7,199.63,1.8,5.663,0.24,0,0,2.00E-09,44.2037,2.61E-11,0,0.0059358,4.95E-10,81.9079
23226-03A,CIA dense 197',,18,6/15/2021,16.9,3.71E+09,Brent Turin,WR Mag,9,Idaho Nat. Lab,Idaho,172.16.47.146,8.146,Multiplier Baseline = A @ 6/15/21  5:37 PM; Faraday Baseline = A @ 6/15/21  5:37 PM; Ar40 = L @ 6/15/21  5:37 PM; Ar39 = L @ 6/15/21  5:37 PM; Ar38 = L @ 6/15/21  5:37 PM; Ar37 = A @ 6/15/21  5:37 PM; Ar36 = L @ 6/15/21  5:37 PM; Ar40F = P @ 6/15/21  5:37 PM; Ar40F/Ar36 = L @ 6/15/21  5:37 PM; Ar40F/Ar36 = L @ 6/15/21  5:37 PM,,LLLALPLAA,1,Unknown,0,0,0.6710023,0.0227361,0.2148565,5.130907,0.8346026,10.09269,1.641888,-0.0142384,0.0517474,0.134579,0.0175762,250.4489,4.886286,50.72862,6.091981,20.18138,2.399559,7.112195,0.8524193,1.24804,1.340625,0,0.201813,0.798183,3.99E-06,0.9963573,0.0036427,0.0972821,0.9378133,-0.0363497,0.0012543,0.9999355,0.0000645,0.9978514,0.0021486,-1.71E-09,2.29E-17,5.73E-15,85a,0.0000779,0.00001,Default,3.104245,1.000405,0.00071,0.0000496,0.0000329,7.50E-06,0.000281,6.20E-06,0.01314,0.000012,0.001003,0.00038,0.000332,0.000052,0.65,0,1.96,0,39694.7,281.7108,158.4942,2.880403,21.33,2.758623,813.2191,131.4515,106.35,3.041381,53.429,0.546443,0.0026735,2.952712,0.0039783,1.958102,3.397234,0.8187951,0.0871145,5.81E-11,1.60E-13,4.96E-10,8.60E-12,0.01975,0,7.07E-06,0,6.31E-09,0,0.01167,0,298.56,0.56,1583.9,0.96,0.01314,-0.0048919,20.18,1.16E-15,1.37E-16,79.82,4.57E-15,1.31E-16,0,2.28E-20,8.67E-21,99.64,2.28E-17,4.16E-19,0.36,8.33E-20,1.47E-20,9.73,2.89E-18,8.27E-20,93.78,2.89E-18,8.27E-20,-3.63,-1.12E-19,4.06E-19,0.13,3.86E-21,6.24E-22,99.99,1.17E-16,1.90E-17,0.01,7.56E-21,1.18E-21,99.79,1.53E-17,4.39E-19,0.21,3.30E-20,5.38E-21,0,-2.63E-26,9.56E-26,NWRCO2 Laser,0.5,0,0,0,0,0,70,57,"4,9,14",,,2,39694.7,281.7108,158.43,2.879236,21.33,2.758623,261.97,42.34572,106.35,3.041381,53.429,0.546443,41477,280,163.76,2.7,82.58,2,554.9,42,291.94,2.7,56.476,0.45,0.9658534,0.9022966,0.0811586,0,0.5211522,0.9656865,42.06371,84.60133,10.12821,0,21.76444,54.33699,1,0,1,0,1,0,1,0,1,0,1,0,1,0,1,0,1,0,1,0,1,0,1,0,0.54087,0.0035,1782.3,31,5.33,1,61.25,1.9,292.93,5.4,185.59,1.4,3.047,0.31,0,0,1.87E-09,38.8681,2.98E-11,0,0.0060865,2.66E-09,84.4185
23226-03B,CIA dense 197',,18,6/15/2021,21.81667,3.71E+09,Brent Turin,WR Mag,9,Idaho Nat. Lab,Idaho,172.16.47.146,8.146,Multiplier Baseline = A @ 6/15/21  10:32 PM; Faraday Baseline = A @ 6/15/21  10:32 PM; Ar40 = L @ 6/15/21  10:32 PM; Ar39 = L @ 6/15/21  10:32 PM; Ar38 = L @ 6/15/21  10:32 PM; Ar37 = A @ 6/15/21  10:32 PM; Ar36 = L @ 6/15/21  10:32 PM; Ar40F = P @ 6/15/21  10:32 PM; Ar40F/Ar36 = L @ 6/15/21  10:32 PM; Ar40F/Ar36 = L @ 6/15/21  10:32 PM,,LLLALPLAA,1,Unknown,0,0,0.1428849,0.012698,1.918342,9.754854,1.090607,19.2522,2.152832,0.0109069,0.0427489,0.0435215,0.0144603,66.40166,1.322671,24.73059,3.887425,36.98654,5.80793,3.470751,0.5450463,0.7038248,0.4282066,0,0.3698599,0.6301251,0.000015,0.9930743,0.0069257,0.2998284,0.606979,0.0858187,0.0073739,0.9999662,0.0000338,0.9808166,0.0191834,6.17E-09,2.88E-17,1.91E-15,85a,0.0000779,0.00001,Default,3.116821,1.000407,0.00071,0.0000496,0.0000329,7.50E-06,0.000281,6.20E-06,0.01314,0.000012,0.001003,0.00038,0.000332,0.000052,0.65,0,1.96,0,13258.5,176.706,199.6712,2.95586,8.69,2.884441,1947.763,215.8454,28.53,2.5,18.354,0.4318565,0.0021106,9.035566,0.0149558,2.001133,9.058682,0.9755467,0.0982424,5.81E-11,1.60E-13,4.96E-10,8.60E-12,0.01975,0,7.07E-06,0,6.31E-09,0,0.01167,0,298.56,0.56,1583.9,0.96,0.01314,0.003735,36.99,7.07E-16,1.11E-16,63.01,1.21E-15,1.08E-16,0,2.87E-20,1.09E-20,99.31,2.86E-17,4.27E-19,0.69,2.00E-19,2.61E-20,29.98,7.61E-19,6.80E-20,60.7,7.61E-19,6.80E-20,8.58,1.08E-19,4.22E-19,0.74,9.24E-21,1.02E-21,100,2.81E-16,3.11E-17,0,9.50E-21,1.49E-21,98.08,4.04E-18,3.61E-19,1.92,7.89E-20,8.92E-21,0,2.54E-26,9.95E-26,NWRCO2 Laser,1,0,0,0,0,0,93,80,"4,9,14",,,2,13258.5,176.706,199.59,2.954657,8.69,2.884441,624.92,69.25179,28.53,2.5,18.354,0.4318565,15773,160,210.28,2.7,62.25,1.6,856.1,69,207.14,2,21.029,0.32,0.9916024,0.8406564,0.224724,0,0.6922166,0.9846763,116.1974,51.47506,19.53901,0,32.86645,140.5169,1,0,1,0,1,0,1,0,1,0,1,0,1,0,1,0,1,0,1,0,1,0,1,0,0.65377,0.0073,2514.5,75,10.69,1.2,53.56,2.4,231.18,5.9,178.61,1.5,2.675,0.29,0,0,1.88E-09,39.2638,2.69E-11,0,0.0059673,2.44E-09,82.4326
23226-03C,CIA dense 197',,18,6/16/2021,0.25,3.71E+09,Brent Turin,WR Mag,9,Idaho Nat. Lab,Idaho,172.16.47.146,8.146,Multiplier Baseline = A @ 6/16/21  12:59 AM; Faraday Baseline = A @ 6/16/21  12:59 AM; Ar40 = L @ 6/16/21  12:59 AM; Ar39 = L @ 6/16/21  12:59 AM; Ar38 = L @ 6/16/21  12:59 AM; Ar37 = L @ 6/16/21  12:59 AM; Ar36 = L @ 6/16/21  12:59 AM; Ar40F = P @ 6/16/21  12:59 AM; Ar40F/Ar36 = L @ 6/16/21  12:59 AM; Ar40F/Ar36 = L @ 6/16/21  12:59 AM; Ar40 = P @ 6/16/21  1:03 AM; Ar39 = L @ 6/16/21  1:03 AM; Ar37 = L @ 6/16/21  1:03 AM; Ar37 = L @ 6/16/21  1:03 AM; Ar36 = A @ 6/16/21  1:04 AM; Ar36 = L @ 6/16/21  1:04 AM; Ar36 = L @ 6/16/21  1:04 AM; Ar36 = L @ 6/16/21  1:04 AM; Ar36 = L @ 6/16/21  1:04 AM; Ar40F = P @ 6/16/21  1:04 AM; Ar40F = C @ 6/16/21  1:04 AM; Ar40 = C @ 6/16/21  1:05 AM; Ar40 = P @ 6/16/21  1:05 AM; Ar40 = L @ 6/16/21  10:44 PM; Ar40 = P @ 6/16/21  10:44 PM; Ar40 = C @ 6/16/21  10:45 PM; Ar40 = P @ 6/16/21  10:45 PM; Ar36 = P @ 6/16/21  10:45 PM,,PLLLPCLAA,1,Unknown,0,0,0.0701592,0.0050174,5.614313,14.01796,0.9973857,27.75076,1.974873,-0.0142902,0.0108287,0.0210741,0.0035759,28.10812,0.2394263,8.420223,1.52038,29.65945,5.353761,1.182465,0.2134393,0.26192,0.200624,0,0.2965841,0.7033806,0.0000353,0.9900475,0.0099525,0.6173088,0.5923052,-0.2314978,0.0218838,0.9999766,0.0000234,0.9438569,0.0561431,-1.64E-08,1.31E-16,3.69E-15,85a,0.0000779,0.00001,Default,3.123072,1.000408,0.00071,0.0000496,0.0000329,7.50E-06,0.000281,6.20E-06,0.01314,0.000012,0.001003,0.00038,0.000332,0.000052,0.65,0,1.96,0,25608.5,150.0833,911.0712,5.631682,19.2,3.255764,12771.36,905.2537,63.92,4.554119,25624.62,434.7001,0.002356,7.582975,0.0352241,0.8593147,7.582401,0.9935823,0.0527161,5.81E-11,1.60E-13,4.96E-10,8.60E-12,0.01975,0,7.07E-06,0,6.31E-09,0,0.01167,0,298.56,0.56,1583.9,0.96,0.01314,-0.0048786,29.66,1.10E-15,1.98E-16,70.34,2.60E-15,1.96E-16,0,1.31E-19,4.94E-20,99,1.30E-16,8.23E-19,1,1.31E-18,1.30E-19,61.73,1.64E-18,1.24E-19,59.23,1.64E-18,1.24E-19,-23.15,-6.41E-19,4.86E-19,2.19,6.06E-20,4.30E-21,100,1.84E-15,1.31E-16,0,4.32E-20,6.77E-21,94.39,8.70E-18,6.58E-19,5.61,5.18E-19,3.84E-20,0,-1.52E-25,1.15E-25,NWRCO2 Laser,2,0,0,0,0,0,93,80,"4,9,14",,,2,25608.5,150.0833,910.7,5.629387,19.2,3.255764,4089.36,289.8601,63.92,4.554119,25624.62,434.7001,28123,130,921.39,5.5,72.76,2.2,6.858,0.46,242.53,4.3,43.349,0.69,0.9981519,0.1670004,0.3480163,0.1797249,0.6054237,0.9687411,58.31523,-5.083483,28.60123,-47.71017,27.21338,66.90166,1,0,1,0,1,0,1,0,1,0,1,0,1,0,1,0,1,0,630,0,1,0,630,0,0.60836,0.0034,2514.5,75,10.69,1.2,53.56,2.4,231.18,5.9,178.61,1.5,2.675,0.29,0,0,1.89E-09,38.656,2.54E-11,0,0.0059487,1.53E-09,81.6749
23226-03D,CIA dense 197',,18,6/16/2021,1.816667,3.71E+09,Brent Turin,WR Mag,9,Idaho Nat. Lab,Idaho,172.16.47.146,8.146,Multiplier Baseline = A @ 6/16/21  2:33 AM; Faraday Baseline = A @ 6/16/21  2:33 AM; Ar40 = L @ 6/16/21  2:33 AM; Ar39 = L @ 6/16/21  2:33 AM; Ar38 = L @ 6/16/21  2:33 AM; Ar37 = L @ 6/16/21  2:33 AM; Ar36 = L @ 6/16/21  2:33 AM; Ar40F = P @ 6/16/21  2:33 AM; Ar40F/Ar36 = L @ 6/16/21  2:33 AM; Ar40F/Ar36 = L @ 6/16/21  2:33 AM,,LLLLLPLAA,1,Unknown,0,0,0.0641809,0.0016626,-0.2341476,-0.5344647,0.0093632,-1.047804,0.0183452,-0.0091096,0.0046827,0.0221112,0.0015872,22.35998,0.1388838,3.151079,0.4999525,14.09848,2.236976,0.4426016,0.0702149,0.0903343,0.1208475,0,0.1409785,0.8589767,0.0000449,1.00038,-0.0003797,0.5944954,0.5484201,-0.1421197,-0.0007957,1.000621,-0.0006214,1.002341,-0.0023415,-1.16E-08,2.64E-16,5.90E-15,85a,0.0000779,0.00001,Default,3.127111,1.000408,0.00071,0.0000496,0.0000329,7.50E-06,0.000281,6.20E-06,0.01314,0.000012,0.001003,0.00038,0.000332,0.000052,0.65,0,1.96,0,40925.4,185.0108,1830.297,7.796126,40.47,2.9,-978.229,16.6232,117.47,3.001666,62.134,0.537122,0.0028772,2.589076,0.0447417,0.621044,2.584612,0.971184,0.1271128,5.81E-11,1.60E-13,4.96E-10,8.60E-12,0.01975,0,7.07E-06,0,6.31E-09,0,0.01167,0,298.56,0.56,1583.9,0.96,0.01314,-0.0031424,14.1,8.32E-16,1.32E-16,85.9,5.07E-15,1.29E-16,0,2.65E-19,1.00E-19,100.04,2.64E-16,1.12E-18,-0.04,-1.00E-19,7.21E-21,59.45,3.20E-18,8.16E-20,54.84,3.20E-18,8.16E-20,-14.21,-8.30E-19,4.26E-19,-0.08,-4.65E-21,7.89E-23,100.06,-1.41E-16,2.40E-18,-0.06,8.77E-20,1.37E-20,100.23,1.70E-17,4.33E-19,-0.23,-3.97E-20,1.11E-21,0,-1.96E-25,1.01E-25,NWRCO2 Laser,3,0,0,0,0,0,93,80,"4,9,14",,,2,40925.4,185.0108,1829.55,7.792946,40.47,2.9,-312.822,5.315835,117.47,3.001666,62.134,0.537122,43078,170,1843.67,7.7,100.76,2.1,8.308,0.41,295.78,2.6,64.85,0.47,0.9812526,0.7769332,0.0208181,0.13931,0.4523689,0.9409863,33.34873,-14.65434,4.197177,-27.33379,17.26681,34.72783,1,0,1,0,1,0,1,0,1,0,1,0,1,0,1,0,1,0,1,0,1,0,1,0,0.54428,0.0026,2152.6,73,14.12,1.2,60.29,2,321.13,5.3,178.31,1.5,2.716,0.26,0,0,1.89E-09,37.924,2.49E-11,0,0.0059332,2.61E-09,81.308
23226-03E,CIA dense 197',,18,6/16/2021,2.6,3.71E+09,Brent Turin,WR Mag,9,Idaho Nat. Lab,Idaho,172.16.47.146,8.146,Multiplier Baseline = A @ 6/16/21  3:19 AM; Faraday Baseline = A @ 6/16/21  3:19 AM; Ar40 = L @ 6/16/21  3:19 AM; Ar39 = L @ 6/16/21  3:19 AM; Ar38 = L @ 6/16/21  3:19 AM; Ar37 = L @ 6/16/21  3:19 AM; Ar36 = L @ 6/16/21  3:19 AM; Ar40F = P @ 6/16/21  3:19 AM; Ar40F/Ar36 = L @ 6/16/21  3:19 AM; Ar40F/Ar36 = L @ 6/16/21  3:19 AM,,LLLLLPLAA,1,Unknown,0,0,0.0472787,0.0009617,-0.189263,-0.3181056,0.0055131,-0.6239968,0.0108035,-0.0053372,0.0033683,0.0202204,0.0011489,16.21261,0.0870609,2.068904,0.2917938,12.76476,1.800663,0.2906112,0.0409839,0.0554292,0.0498382,0,0.1276397,0.8722984,0.0000619,1.000226,-0.0002261,0.6499852,0.4415705,-0.0910376,-0.0005181,1.001044,-0.0010439,1.001893,-0.0018926,-9.22E-09,4.43E-16,7.18E-15,85a,0.0000779,0.00001,Default,3.129108,1.000408,0.00071,0.0000496,0.0000329,7.50E-06,0.000281,6.20E-06,0.01314,0.000012,0.001003,0.00038,0.000332,0.000052,0.65,0,1.96,0,49791.4,212.9061,3071.154,9.976534,62.1,3.522783,-976.9512,16.63144,145.2,2.915476,74.122,0.4854894,0.0029219,2.049231,0.0616981,0.536984,2.030261,0.9653911,0.16618,5.81E-11,1.60E-13,4.96E-10,8.60E-12,0.01975,0,7.07E-06,0,6.31E-09,0,0.01167,0,298.56,0.56,1583.9,0.96,0.01314,-0.0018408,12.76,9.17E-16,1.29E-16,87.23,6.26E-15,1.26E-16,0.01,4.44E-19,1.68E-19,100.02,4.43E-16,1.44E-18,-0.02,-1.00E-19,7.20E-21,65,3.96E-18,7.93E-20,44.16,3.96E-18,7.93E-20,-9.1,-8.15E-19,5.15E-19,-0.05,-4.64E-21,7.89E-23,100.1,-1.41E-16,2.40E-18,-0.1,1.47E-19,2.30E-20,100.19,2.10E-17,4.21E-19,-0.19,-3.96E-20,1.10E-21,0,-1.93E-25,1.22E-25,NWRCO2 Laser,4.2,0,0,0,0,0,93,80,"4,9,14",,,2,49791.4,212.9061,3069.9,9.972462,62.1,3.522783,-312.214,5.315073,145.2,2.915476,74.122,0.4854894,51944,200,3084.02,9.9,122.39,2.9,8.916,0.4,323.51,2.5,76.838,0.41,0.9745342,0.8987285,0.0024995,0.098864,0.5456053,0.9441099,26.73064,-18.39439,1.670711,-20.79339,17.46918,28.05065,1,0,1,0,1,0,1,0,1,0,1,0,1,0,1,0,1,0,1,0,1,0,1,0,0.52579,0.0019,2152.6,73,14.12,1.2,60.29,2,321.13,5.3,178.31,1.5,2.716,0.26,0,0,1.90E-09,37.0601,2.46E-11,0,0.0059298,2.54E-09,81.1762
23226-03F,CIA dense 197',,18,6/16/2021,3.366667,3.71E+09,Brent Turin,WR Mag,9,Idaho Nat. Lab,Idaho,172.16.47.146,8.146,Multiplier Baseline = A @ 6/16/21  4:06 AM; Faraday Baseline = A @ 6/16/21  4:06 AM; Ar40 = L @ 6/16/21  4:06 AM; Ar39 = L @ 6/16/21  4:06 AM; Ar38 = L @ 6/16/21  4:06 AM; Ar37 = L @ 6/16/21  4:06 AM; Ar36 = L @ 6/16/21  4:06 AM; Ar40F = P @ 6/16/21  4:06 AM; Ar40F/Ar36 = L @ 6/16/21  4:06 AM; Ar40F/Ar36 = L @ 6/16/21  4:06 AM; Ar40 = L @ 6/16/21  10:46 PM; Ar40 = P @ 6/16/21  10:47 PM; Ar39 = L @ 6/16/21  10:47 PM; Ar39 = P @ 6/16/21  10:47 PM; Ar39 = L @ 6/16/21  10:47 PM; Ar36 = L @ 6/16/21  10:47 PM; Ar36 = P @ 6/16/21  10:47 PM; Ar36 = P @ 6/16/21  10:47 PM,,PLLLPPLAA,1,Unknown,0,0,0.0323406,0.0015677,-0.2915727,-0.3352417,0.0056878,-0.6575679,0.0111456,-0.0040768,0.0032414,0.0178398,0.001079,11.70137,0.0611819,2.016137,0.4697839,17.23551,4.016427,0.2831997,0.0659837,0.0753422,0.0625258,0,0.1723403,0.827574,0.0000857,1.000238,-0.0002383,0.7367303,0.3427089,-0.0788204,-0.0006189,1.000991,-0.0009906,1.002916,-0.0029157,-1.03E-08,4.28E-16,5.01E-15,85a,0.0000779,0.00001,Default,3.131105,1.000409,0.00071,0.0000496,0.0000329,7.50E-06,0.000281,6.20E-06,0.01314,0.000012,0.001003,0.00038,0.000332,0.000052,0.65,0,1.96,0,34763.4,149.0939,2970.883,8.88507,53,3.201562,-995.9639,16.6331,96.08,4.648656,53.075,0.4604346,0.0027721,4.843298,0.0854878,0.5228652,4.833525,0.9941633,0.0726493,5.81E-11,1.60E-13,4.96E-10,8.60E-12,0.01975,0,7.07E-06,0,6.31E-09,0,0.01167,0,298.56,0.56,1583.9,0.96,0.01314,-0.0014061,17.23,8.64E-16,2.01E-16,82.76,4.15E-15,2.00E-16,0.01,4.30E-19,1.63E-19,100.02,4.29E-16,1.28E-18,-0.02,-1.02E-19,7.33E-21,73.67,2.62E-18,1.26E-19,34.27,2.62E-18,1.26E-19,-7.88,-6.03E-19,4.79E-19,-0.06,-4.73E-21,7.89E-23,100.1,-1.44E-16,2.40E-18,-0.1,1.42E-19,2.23E-20,100.29,1.39E-17,6.71E-19,-0.29,-4.04E-20,1.12E-21,0,-1.43E-25,1.14E-25,NWRCO2 Laser,5.2,0,0,0,0,0,93,80,"4,9,14",,,2,34763.4,149.0939,2969.67,8.881441,53,3.201562,-318.087,5.312212,96.08,4.648656,53.075,0.4604346,36916,130,2983.79,8.8,113.29,2.5,3.043,0.36,274.39,4.4,55.791,0.38,0.9973407,0.9086117,0.0028112,0.2989443,0.5374182,0.975783,40.73149,-17.67575,1.542232,82.11542,21.70921,47.90353,1,0,1,0,1,0,1,0,1,0,1,0,1,0,1,0,1,0,1,0,1,0,1,0,0.53022,0.0025,2152.6,73,14.12,1.2,60.29,2,321.13,5.3,178.31,1.5,2.716,0.26,0,0,1.91E-09,38.303,2.45E-11,0,0.0058814,2.27E-09,80.7676
23226-03G,CIA dense 197',,18,6/16/2021,4.15,3.71E+09,Brent Turin,WR Mag,9,Idaho Nat. Lab,Idaho,172.16.47.146,8.146,Multiplier Baseline = A @ 6/16/21  4:53 AM; Faraday Baseline = A @ 6/16/21  4:53 AM; Ar40 = L @ 6/16/21  4:53 AM; Ar39 = L @ 6/16/21  4:53 AM; Ar38 = L @ 6/16/21  4:53 AM; Ar37 = L @ 6/16/21  4:53 AM; Ar36 = L @ 6/16/21  4:53 AM; Ar40F = P @ 6/16/21  4:53 AM; Ar40F/Ar36 = L @ 6/16/21  4:53 AM; Ar40F/Ar36 = L @ 6/16/21  4:53 AM,,LLLLLPLAA,1,Unknown,0,0,0.0376893,0.0008932,-0.2240436,-0.3001675,0.0051273,-0.5888536,0.0100475,-0.0095158,0.0028035,0.0169711,0.0009527,13.50697,0.0683012,2.227769,0.2716902,16.49823,2.012926,0.3129244,0.0381597,0.055416,0.0533428,0,0.16497,0.8349557,0.0000743,1.000213,-0.0002134,0.7744207,0.4195489,-0.193387,-0.0005825,1.001106,-0.0011063,1.00224,-0.0022404,-2.06E-08,4.73E-16,6.39E-15,85a,0.0000779,0.00001,Default,3.133114,1.000409,0.00071,0.0000496,0.0000329,7.50E-06,0.000281,6.20E-06,0.01314,0.000012,0.001003,0.00038,0.000332,0.000052,0.65,0,1.96,0,44338.4,194.2395,3282.631,8.290727,55.71,3.1241,-985.3394,16.64592,123.72,2.915476,65.673,0.4687217,0.0027968,2.391722,0.0740571,0.5056847,2.364772,0.9774587,0.1587074,5.81E-11,1.60E-13,4.96E-10,8.60E-12,0.01975,0,7.07E-06,0,6.31E-09,0,0.01167,0,298.56,0.56,1583.9,0.96,0.01314,-0.003282,16.5,1.06E-15,1.29E-16,83.5,5.34E-15,1.26E-16,0.01,4.75E-19,1.80E-19,100.02,4.74E-16,1.20E-18,-0.02,-1.01E-19,7.26E-21,77.44,3.37E-18,7.93E-20,41.95,3.37E-18,7.93E-20,-19.34,-1.55E-18,4.58E-19,-0.06,-4.68E-21,7.90E-23,100.11,-1.42E-16,2.40E-18,-0.11,1.57E-19,2.46E-20,100.22,1.79E-17,4.21E-19,-0.22,-4.00E-20,1.11E-21,0,-3.68E-25,1.09E-25,NWRCO2 Laser,6.5,0,0,0,0,0,93,80,"4,9,14",,,2,44338.4,194.2395,3281.29,8.28734,55.71,3.1241,-314.492,5.312899,123.72,2.915476,65.673,0.4687217,46491,180,3295.41,8.2,116,2.4,6.638,0.37,302.03,2.5,68.389,0.39,0.9807177,0.9297581,0.0735364,0.0101478,0.6008761,0.958833,31.48672,-16.81127,8.059901,-7.427378,21.89213,33.91522,1,0,1,0,1,0,1,0,1,0,1,0,1,0,1,0,1,0,1,0,1,0,1,0,0.54494,0.0019,2152.6,73,14.12,1.2,60.29,2,321.13,5.3,178.31,1.5,2.716,0.26,0,0,1.91E-09,36.4403,2.39E-11,0,0.0058696,2.20E-09,80.6889
23226-03H,CIA dense 197',,18,6/16/2021,5.716667,3.71E+09,Brent Turin,WR Mag,9,Idaho Nat. Lab,Idaho,172.16.47.146,8.146,Multiplier Baseline = A @ 6/16/21  6:27 AM; Faraday Baseline = A @ 6/16/21  6:27 AM; Ar40 = L @ 6/16/21  6:27 AM; Ar39 = L @ 6/16/21  6:27 AM; Ar38 = L @ 6/16/21  6:27 AM; Ar37 = L @ 6/16/21  6:27 AM; Ar36 = L @ 6/16/21  6:27 AM; Ar40F = P @ 6/16/21  6:27 AM; Ar40F/Ar36 = L @ 6/16/21  6:27 AM; Ar40F/Ar36 = L @ 6/16/21  6:27 AM,,LLLLLPLAA,1,Unknown,0,0,0.0586865,0.0008387,-0.1124655,-0.234551,0.0052844,-0.4602939,0.0103558,-0.0039504,0.0024149,0.0228467,0.0008198,19.90232,0.075637,2.359759,0.2514862,11.85928,1.263858,0.3314627,0.0353217,0.0553115,0.0598975,0,0.1185868,0.8813628,0.0000504,1.000167,-0.0001668,0.5752341,0.4847384,-0.0596342,-0.0003382,1.001416,-0.0014157,1.001125,-0.0011247,-5.51E-09,5.88E-16,1.17E-14,85a,0.0000779,0.00001,Default,3.13717,1.000409,0.00071,0.0000496,0.0000329,7.50E-06,0.000281,6.20E-06,0.01314,0.000012,0.001003,0.00038,0.000332,0.000052,0.65,0,1.96,0,81075.6,215.4066,4073.676,11.06979,93.07,3.330165,-955.4847,21.36963,239.07,3.354102,122.112,0.4517743,0.0029522,1.426373,0.0502563,0.3800284,1.427501,0.9645377,0.1302398,5.81E-11,1.60E-13,4.96E-10,8.60E-12,0.01975,0,7.07E-06,0,6.31E-09,0,0.01167,0,298.56,0.56,1583.9,0.96,0.01314,-0.0013624,11.86,1.39E-15,1.48E-16,88.14,1.03E-14,1.44E-16,0.01,5.89E-19,2.23E-19,100.02,5.88E-16,1.60E-18,-0.02,-9.80E-20,7.19E-21,57.52,6.51E-18,9.12E-20,48.47,6.51E-18,9.12E-20,-5.96,-8.01E-19,4.89E-19,-0.03,-4.54E-21,1.01E-22,100.14,-1.38E-16,3.08E-18,-0.14,1.95E-19,3.06E-20,100.11,3.45E-17,4.84E-19,-0.11,-3.88E-20,1.22E-21,0,-1.90E-25,1.16E-25,NWRCO2 Laser,9,0,0,0,0,0,93,80,"4,9,14",,,2,81075.6,215.4066,4072.01,11.06526,93.07,3.330165,-304.569,6.811755,239.07,3.354102,122.112,0.4517743,83319,200,4088.6,11,151.68,2.5,8.691,0.4,412.72,3,123.381,0.4,0.9056572,0.9378809,0.0176106,0.3354243,0.1936912,0.8622583,8.490725,-19.20065,-3.011979,-46.97175,7.486652,10.37947,1,0,1,0,1,0,1,0,1,0,1,0,1,0,1,0,1,0,1,0,1,0,1,0,0.51852,0.0016,2243.4,80,16.59,1.2,58.61,2.2,313.26,6.8,173.65,1.5,1.269,0.21,0,0,1.90E-09,36.6081,2.34E-11,0,0.005855,2.36E-09,80.5521
23226-03I,CIA dense 197',,18,6/16/2021,6.5,3.71E+09,Brent Turin,WR Mag,9,Idaho Nat. Lab,Idaho,172.16.47.146,8.146,Multiplier Baseline = A @ 6/16/21  7:14 AM; Faraday Baseline = A @ 6/16/21  7:14 AM; Ar40 = L @ 6/16/21  7:14 AM; Ar39 = L @ 6/16/21  7:14 AM; Ar38 = L @ 6/16/21  7:14 AM; Ar37 = L @ 6/16/21  7:14 AM; Ar36 = L @ 6/16/21  7:14 AM; Ar40F = P @ 6/16/21  7:14 AM; Ar40F/Ar36 = L @ 6/16/21  7:14 AM; Ar40F/Ar36 = L @ 6/16/21  7:14 AM,,LLLLLPLAA,1,Unknown,0,0,0.1079956,0.0011924,-0.0819625,-0.3146712,0.0070111,-0.6172685,0.0137389,-0.000641,0.0032057,0.033285,0.0010879,35.72185,0.1977783,3.450474,0.3822449,9.661713,1.07092,0.484649,0.0536824,0.0821873,0.077476,0,0.0966144,0.9033575,0.0000281,1.000224,-0.0002237,0.3948609,0.6120931,-0.0066426,-0.0003114,1.001055,-0.0010553,1.00082,-0.0008196,-4.86E-10,4.43E-16,1.58E-14,85a,0.0000779,0.00001,Default,3.139183,1.000409,0.00071,0.0000496,0.0000329,7.50E-06,0.000281,6.20E-06,0.01314,0.000012,0.001003,0.00038,0.000332,0.000052,0.65,0,1.96,0,109789.6,516.2364,3073.458,8.984212,102.3,3.330165,-967.1289,21.36204,331.92,3.534119,158.285,0.5147815,0.0030258,1.163163,0.0280011,0.5536433,1.103291,0.8819724,0.343346,5.81E-11,1.60E-13,4.96E-10,8.60E-12,0.01975,0,7.07E-06,0,6.31E-09,0,0.01167,0,298.56,0.56,1583.9,0.96,0.01314,-0.0002211,9.66,1.53E-15,1.69E-16,90.34,1.43E-14,1.52E-16,0,4.45E-19,1.69E-19,100.02,4.43E-16,1.30E-18,-0.02,-9.91E-20,7.26E-21,39.49,9.03E-18,9.61E-20,61.21,9.03E-18,9.61E-20,-0.66,-9.80E-20,4.90E-19,-0.03,-4.59E-21,1.01E-22,100.11,-1.40E-16,3.08E-18,-0.11,1.47E-19,2.31E-20,100.08,4.79E-17,5.10E-19,-0.08,-3.92E-20,1.22E-21,0,-2.33E-26,1.16E-25,NWRCO2 Laser,12,0,0,0,0,0,93,80,"4,9,14",,,2,109789.6,516.2364,3072.2,8.980535,102.3,3.330165,-308.083,6.804969,331.92,3.534119,158.285,0.5147815,112033,510,3088.79,8.9,160.91,2.5,5.177,0.26,505.57,3.2,159.554,0.47,0.4800099,0.89647,0.0071535,0.0035559,0.1499501,0.8730754,5.149651,-15.9548,-1.79576,-4.028008,5.753325,6.792926,1,0,1,0,1,0,1,0,1,0,1,0,1,0,1,0,1,0,1,0,1,0,1,0,0.50916,0.0016,2243.4,80,16.59,1.2,58.61,2.2,313.26,6.8,173.65,1.5,1.269,0.21,0,0,1.93E-09,36.7814,2.33E-11,0,0.0058618,2.31E-09,80.6364
23226-03J,CIA dense 197',,18,6/16/2021,7.283333,3.71E+09,Brent Turin,WR Mag,9,Idaho Nat. Lab,Idaho,172.16.47.146,8.146,Multiplier Baseline = A @ 6/16/21  8:00 AM; Faraday Baseline = A @ 6/16/21  8:00 AM; Ar40 = L @ 6/16/21  8:00 AM; Ar39 = L @ 6/16/21  8:00 AM; Ar38 = L @ 6/16/21  8:00 AM; Ar37 = A @ 6/16/21  8:00 AM; Ar36 = L @ 6/16/21  8:00 AM; Ar40F = P @ 6/16/21  8:00 AM; Ar40F/Ar36 = L @ 6/16/21  8:00 AM; Ar40F/Ar36 = L @ 6/16/21  8:00 AM; Ar40 = L @ 6/16/21  8:05 AM; Ar40 = C @ 6/16/21  8:05 AM; Ar39 = L @ 6/16/21  8:05 AM; Ar36 = L @ 6/16/21  8:06 AM; Ar36 = L @ 6/16/21  8:10 AM; Ar36 = L @ 6/16/21  8:10 AM; Ar39 = P @ 6/16/21  8:10 AM; Ar40F = C @ 6/16/21  8:11 AM; Ar36 = P @ 6/16/21  8:13 AM; Ar39 = L @ 6/16/21  8:14 AM; Ar39 = P @ 6/16/21  8:14 AM; Ar40 = L @ 6/16/21  8:14 AM; Ar40 = P @ 6/16/21  8:14 AM; Ar40 = L @ 6/16/21  10:40 PM; Ar40 = P @ 6/16/21  10:40 PM; Ar40 = C @ 6/16/21  10:41 PM; Ar39 = L @ 6/16/21  10:41 PM; Ar39 = L @ 6/16/21  10:41 PM; Ar39 = L @ 6/16/21  10:41 PM; Ar39 = L @ 6/16/21  10:41 PM; Ar39 = L @ 6/16/21  10:41 PM; Ar36 = P @ 6/16/21  10:41 PM,,CLLAPCLAA,1,Unknown,0,0,0.1368393,0.0033432,0.8654554,4.21486,0.3655733,8.285269,0.7186895,0.0072335,0.0063618,0.0412967,0.002113,44.48314,0.3367584,3.992935,0.9933122,8.949631,2.226041,0.5608305,0.1394947,0.1569865,0.0981786,0,0.0894943,0.9104832,0.0000225,0.9970077,0.0029923,0.3172331,0.6191903,0.060219,0.0033576,0.9999215,0.0000785,0.9913454,0.0086546,4.32E-09,2.24E-16,9.95E-15,85a,0.0000779,0.00001,Default,3.141203,1.00041,0.00071,0.0000496,0.0000329,7.50E-06,0.000281,6.20E-06,0.01314,0.000012,0.001003,0.00038,0.000332,0.000052,0.65,0,1.96,0,69013.6,320.1562,1551.455,9.281732,64.07,3.255764,6539.167,565.8198,212.3,5.028916,109.517,0.5423099,0.0030496,2.43525,0.0224137,0.7589288,2.464151,0.9520992,0.116449,5.81E-11,1.60E-13,4.96E-10,8.60E-12,0.01975,0,7.07E-06,0,6.31E-09,0,0.01167,0,298.56,0.56,1583.9,0.96,0.01314,0.0024868,8.95,8.91E-16,2.22E-16,91.05,9.06E-15,2.17E-16,0,2.24E-19,8.48E-20,99.7,2.23E-16,1.34E-18,0.3,6.70E-19,7.45E-20,31.72,5.72E-18,1.37E-19,61.92,5.72E-18,1.37E-19,6.02,5.57E-19,4.89E-19,0.34,3.10E-20,2.69E-21,99.99,9.43E-16,8.16E-17,0.01,7.41E-20,1.16E-20,99.13,3.04E-17,7.26E-19,0.87,2.65E-19,2.37E-20,0,1.32E-25,1.16E-25,NWRCO2 Laser,14,0,0,0,0,0,94,80,"4,9,14",,,2,69013.6,320.1562,1550.82,9.277931,64.07,3.255764,2081.74,180.1284,212.3,5.028916,109.517,0.5423099,71257,310,1567.41,9.2,122.68,2.4,2395,180,385.95,4.8,110.786,0.5,0.9970347,0.1930303,0.0544762,0,0.5090751,0.984137,27.17002,6.770226,6.281608,0,16.49808,29.52666,1,0,1,0,1,0,1,0,1,0,1,0,1,0,1,0,1,0,1,0,1,0,1,0,0.51601,0.0019,2243.4,80,16.59,1.2,58.61,2.2,313.26,6.8,173.65,1.5,1.269,0.21,0,0,1.94E-09,36.6932,2.33E-11,0,0.0058664,2.65E-09,80.9197
23226-03K,CIA dense 197',,18,6/16/2021,8.883333,3.71E+09,Brent Turin,WR Mag,9,Idaho Nat. Lab,Idaho,172.16.47.146,8.146,Multiplier Baseline = A @ 6/16/21  9:37 AM; Faraday Baseline = A @ 6/16/21  9:37 AM; Ar40 = L @ 6/16/21  9:37 AM; Ar39 = L @ 6/16/21  9:37 AM; Ar38 = L @ 6/16/21  9:37 AM; Ar37 = L @ 6/16/21  9:37 AM; Ar36 = L @ 6/16/21  9:37 AM; Ar40F = P @ 6/16/21  9:37 AM; Ar40F/Ar36 = L @ 6/16/21  9:37 AM; Ar40F/Ar36 = L @ 6/16/21  9:37 AM,,LLLLLPLAA,1,Unknown,0,0,0.2671718,0.0025767,-0.0467234,-0.4439093,0.0102826,-0.8704387,0.020148,-0.0051945,0.0052927,0.0617223,0.0018062,84.63159,0.7886898,4.824968,0.922743,5.703009,1.091158,0.6776723,0.129576,0.1560813,0.1744149,0,0.0570294,0.9429587,0.0000119,1.000315,-0.0003154,0.2129561,0.8163102,-0.0290295,-0.0002368,1.000748,-0.0007481,1.000467,-0.0004672,-1.60E-09,3.08E-16,2.61E-14,85a,0.0000779,0.00001,Default,3.145335,1.00041,0.00071,0.0000496,0.0000329,7.50E-06,0.000281,6.20E-06,0.01314,0.000012,0.001003,0.00038,0.000332,0.000052,0.65,0,1.96,0,180966.6,1402.284,2138.287,11.0698,131.98,3.801316,-949.2055,21.431,571.29,4.648656,244.134,0.6451356,0.0031584,1.123375,0.0118198,0.9318303,0.9640274,0.6108326,0.5736212,5.81E-11,1.60E-13,4.96E-10,8.60E-12,0.01975,0,7.07E-06,0,6.31E-09,0,0.01167,0,298.56,0.56,1583.9,0.96,0.01314,-0.0017918,5.7,1.49E-15,2.85E-16,94.3,2.46E-14,2.00E-16,0,3.09E-19,1.17E-19,100.03,3.09E-16,1.60E-18,-0.03,-9.73E-20,7.14E-21,21.3,1.55E-17,1.26E-19,81.63,1.55E-17,1.26E-19,-2.9,-5.53E-19,5.63E-19,-0.02,-4.51E-21,1.02E-22,100.07,-1.37E-16,3.09E-18,-0.07,1.02E-19,1.60E-20,100.05,8.24E-17,6.71E-19,-0.05,-3.85E-20,1.22E-21,0,-1.31E-25,1.34E-25,NWRCO2 Laser,20,0,0,0,0,0,93,80,"4,9,14",,,2,180966.6,1402.284,2137.41,11.06526,131.98,3.801316,-301.782,6.813582,571.29,4.648656,244.134,0.6451356,183210,1400,2154,11,190.59,3.1,11.478,0.43,744.94,4.4,245.403,0.61,0.5501447,0.0222129,0.0662657,0.1687833,0.2282277,0.9722731,9.866511,-1.417543,5.874467,-24.08991,7.021088,14.80953,1,0,1,0,1,0,1,0,1,0,1,0,1,0,1,0,1,0,1,0,1,0,1,0,0.47034,0.0016,2243.4,80,16.59,1.2,58.61,2.2,313.26,6.8,173.65,1.5,1.269,0.21,0,0,1.96E-09,37.4095,2.46E-11,0,0.0058851,2.39E-09,81.2529
23226-03L,CIA dense 197',,18,6/16/2021,9.65,3.71E+09,Brent Turin,WR Mag,9,Idaho Nat. Lab,Idaho,172.16.47.146,8.146,Multiplier Baseline = A @ 6/16/21  10:23 AM; Faraday Baseline = A @ 6/16/21  10:23 AM; Ar40 = P @ 6/16/21  10:23 AM; Ar39 = L @ 6/16/21  10:23 AM; Ar38 = L @ 6/16/21  10:23 AM; Ar37 = L @ 6/16/21  10:23 AM; Ar36 = L @ 6/16/21  10:23 AM; Ar40F = P @ 6/16/21  10:23 AM; Ar40F/Ar36 = L @ 6/16/21  10:23 AM; Ar40F/Ar36 = L @ 6/16/21  10:23 AM; Ar37 = P @ 6/16/21  9:35 PM; Ar40 = L @ 6/16/21  10:43 PM; Ar40 = P @ 6/16/21  10:43 PM; Ar40F = P @ 6/16/21  10:43 PM; Ar40F = C @ 6/16/21  10:43 PM; Ar40 = C @ 6/16/21  10:44 PM,,CLLPLCLAA,1,Unknown,0,0,0.8837106,0.0065771,0.2016658,6.342473,0.3118532,12.48683,0.6140684,0.0391964,0.0049775,0.1929853,0.0020889,245.1574,3.019884,-18.23426,2.659361,-7.404316,1.081387,-2.563325,0.3741117,0.4984797,0.3738404,0,-0.0740429,1.074039,4.07E-06,0.9954971,0.0045029,0.0677815,0.8614163,0.069721,0.0010812,0.9999479,0.0000521,0.9979833,0.0020167,3.62E-09,2.89E-39,7.08E-37,85a,0.0000779,0.00001,Default,3.14734,1.00041,0.00071,0.0000496,0.0000329,7.50E-06,0.000281,6.20E-06,0.01314,0.000012,0.001003,0.00038,0.000332,0.000052,0.65,0,1.96,0,1.19E+06,12255,4864.205,33.03536,938.72,7.912016,30851.09,1502.378,4298.55,13.08625,1.17E+06,2773.5,0.0035974,1.072044,0.0040607,1.233713,0.7474181,0.1162109,0.7985279,5.81E-11,1.60E-13,4.96E-10,8.60E-12,0.01975,0,7.07E-06,0,6.31E-09,0,0.01167,0,298.56,0.56,1583.9,0.96,0.01314,0.0134551,-7.4,-5.24E-38,7.64E-39,107.4,7.60E-37,2.32E-39,0,2.88E-42,1.09E-42,99.55,2.87E-39,1.96E-41,0.45,1.30E-41,1.11E-42,6.78,4.80E-40,1.47E-42,86.14,4.80E-40,1.47E-42,6.97,3.89E-41,4.93E-42,0.11,6.03E-43,2.93E-44,99.99,1.83E-38,8.92E-40,0.01,9.54E-43,1.50E-43,99.8,2.55E-39,7.77E-42,0.2,5.15E-42,2.75E-43,0,9.25E-48,1.17E-48,NWRCO2 Laser,25,0,0,0,0,0,94,80,"4,9,14",,,2,1.19E+06,12255,4862.21,33.02181,938.72,7.912016,9802.275,477.3484,4298.55,13.08625,1.17E+06,2773.5,1850.1,19,4878.8,33,997.33,7.6,15.683,0.74,4472.2,13,1819.23,4.3,0.8622214,0.2901428,0.5900043,0.5878805,0.8067209,0.9686981,-7.352192,7.309898,-12.5313,-24.26964,-12.95855,-4.9037,1,0,1,0,1,0,1,0,1,0,1,0,645,0,1,0,1,0,645,0,1,0,645,0,0.471079,0.00061,1.269,0.21,16.59,1.2,58.61,2.2,313.26,6.8,173.65,1.5,1.269,0.21,0,0,2.18E-09,35.0858,2.46E-11,0,0.0059064,3.13E-09,81.4292
23226-03M,CIA dense 197',,18,6/16/2021,10.43333,3.71E+09,Brent Turin,WR Mag,9,Idaho Nat. Lab,Idaho,172.16.47.146,8.146,,Pump and halt all operations failsafe action triggered.; ,,1,Unknown,0,0,NaN,NaN,NaN,NaN,NaN,NaN,NaN,NaN,NaN,NaN,0,NaN,NaN,NaN,NaN,NaN,NaN,NaN,NaN,NaN,0,0,NaN,NaN,NaN,NaN,NaN,0,0,0,0,NaN,NaN,NaN,NaN,NaN,0,0,85a,0.0000779,0.00001,Default,3.149365,1.000411,0.00071,0.0000496,0.0000329,7.50E-06,0.000281,6.20E-06,0.01314,0.000012,0.001003,0.00038,0.000332,0.000052,0.65,0,1.96,0,,,,,,,,,,,,,NaN,NaN,NaN,NaN,NaN,NaN,NaN,5.81E-11,1.60E-13,4.96E-10,8.60E-12,0.01975,0,7.07E-06,0,6.31E-09,0,0.01167,0,298.56,0.56,1583.9,0.96,0.01314,NaN,NaN.00,NaN.000,NaN.000,NaN.00,NaN.000,NaN.000,NaN.00,NaN.000,NaN.000,NaN.00,NaN.000,NaN.000,NaN.00,NaN.000,NaN.000,0,NaN.000,NaN.000,0,NaN.000,NaN.000,0,NaN.000,NaN.000,0,NaN.000,NaN.000,NaN.00,NaN.000,NaN.000,NaN.00,NaN.000,NaN.000,NaN.00,NaN.000,NaN.000,NaN.00,NaN.000,NaN.000,NaN.00,NaN.000,NaN.000,NWRCO2 Laser,30,0,0,0,0,0,93,80,"4,9,14",,,2,,,,,,,,,,,,,,,,,,,,,,,,,,,,,,,,,,,,,,,,,,,,,,,,,,,,,,,,,,,,,,,,,,,,,,,,,,,0,0,1.92E-10,34.0371,2.41E-11,0,0.0058818,3.37E-09,81.3991
23227-01A,CIA dense 197',,18,7/14/2021,19.8,3.71E+09,Brent Turin,WR Int. Mag,10,Idaho Nat. Lab,Idaho,172.16.47.146,8.146,Multiplier Baseline = A @ 7/14/21  8:31 PM; Faraday Baseline = A @ 7/14/21  8:31 PM; Ar40 = L @ 7/14/21  8:31 PM; Ar39 = L @ 7/14/21  8:31 PM; Ar38 = L @ 7/14/21  8:31 PM; Ar37 = A @ 7/14/21  8:31 PM; Ar36 = L @ 7/14/21  8:31 PM; Ar40F = P @ 7/14/21  8:31 PM; Ar40F/Ar36 = L @ 7/14/21  8:31 PM; Ar40F/Ar36 = L @ 7/14/21  8:31 PM; Ar40 = P @ 7/15/21  7:33 AM; Ar36 = L @ 7/15/21  7:33 AM; Ar36 = P @ 7/15/21  7:33 AM; Ar36 = L @ 7/15/21  7:33 AM; Ar36 = L @ 7/15/21  7:34 AM; Ar36 = L @ 7/15/21  7:34 AM; Ar36 = L @ 7/15/21  7:34 AM; Ar36 = L @ 7/15/21  7:34 AM; Ar36 = L @ 7/15/21  7:34 AM; Ar36 = L @ 7/15/21  7:34 AM; Ar36 = L @ 7/15/21  7:34 AM; Ar36 = L @ 7/15/21  7:34 AM; Ar36 = L @ 7/15/21  7:34 AM; Ar36 = L @ 7/15/21  7:34 AM,,PLLALPLAA,1,Unknown,0,0,0.2368668,0.005402,1.351517,11.39284,0.9228062,22.5114,1.82368,0.007204,0.0115665,0.0599178,0.0038618,71.67454,0.5686875,1.925958,1.551923,2.66539,2.147582,0.2705336,0.2179777,0.2207288,0.1808598,0,0.0266535,0.9733326,0.0000139,0.9919113,0.0080887,0.2175267,0.735094,0.0411238,0.0062555,0.9999711,0.0000289,0.9864848,0.0135152,3.69E-09,7.71E-17,5.53E-15,85a,0.0000779,0.00001,Default,5.517403,1.000611,0.00071,0.0000496,0.0000329,7.50E-06,0.000281,6.20E-06,0.01314,0.000012,0.001003,0.00038,0.000332,0.000052,0.65,0,1.96,0,38338.7,105.3043,534.8998,3.981641,32.05,2.051828,6094.027,491.5201,126.7,2.7313,59.623,0.416173,0.0032601,2.205222,0.0138393,0.8018413,2.310955,0.938167,0.0426672,5.81E-11,1.60E-13,4.96E-10,8.60E-12,0.01975,0,7.07E-06,0,6.31E-09,0,0.01167,0,298.56,0.56,1583.9,0.96,0.01314,0.002464,2.67,1.47E-16,1.19E-16,97.33,5.38E-15,1.18E-16,0,7.68E-20,2.91E-20,99.19,7.65E-17,5.78E-19,0.81,6.24E-19,6.66E-20,21.75,3.40E-18,7.44E-20,73.51,3.40E-18,7.44E-20,4.11,1.90E-19,3.05E-19,0.63,2.89E-20,2.33E-21,100,8.79E-16,7.09E-17,0,2.54E-20,3.98E-21,98.65,1.80E-17,3.95E-19,1.35,2.47E-19,2.07E-20,0,6.74E-26,1.08E-25,NWRCO2 Laser,1,0,0,0,0,0,93,80,"5,10,15",,,2,38338.7,105.3043,534.573,3.979208,32.05,2.051828,1104.51,89.08541,126.7,2.7313,59.623,0.416173,39156,100,539.58,3.9,52.22,1.5,1209.9,89,202.69,2.5,60.216,0.34,0.983988,0.3856115,0.0211672,0,0.0806886,0.6003878,13.81008,-11.16666,5.687681,0,9.412157,9.242709,1,0,1,0,1,0,1,0,1,0,1,0,1,0,1,0,1,0,1,0,1,0,1,0,0.46056,0.0019,817.3,33,5.007,0.79,20.17,1.4,105.39,3.9,75.99,1.1,0.593,0.24,0,0,1.71E-09,51.9511,3.19E-11,0,0.006474,6.96E-09,85.3828
23227-01B,CIA dense 197',,18,7/14/2021,20.55,3.71E+09,Brent Turin,WR Int. Mag,10,Idaho Nat. Lab,Idaho,172.16.47.146,8.146,Multiplier Baseline = A @ 7/14/21  9:16 PM; Faraday Baseline = A @ 7/14/21  9:16 PM; Ar40 = L @ 7/14/21  9:16 PM; Ar39 = L @ 7/14/21  9:16 PM; Ar38 = L @ 7/14/21  9:16 PM; Ar37 = A @ 7/14/21  9:16 PM; Ar36 = L @ 7/14/21  9:16 PM; Ar40F = P @ 7/14/21  9:16 PM; Ar40F/Ar36 = L @ 7/14/21  9:16 PM; Ar40F/Ar36 = L @ 7/14/21  9:16 PM; Ar37 = L @ 7/15/21  7:35 AM; Ar40 = L @ 7/15/21  7:35 AM; Ar40 = P @ 7/15/21  7:35 AM; Ar39 = L @ 7/15/21  7:35 AM; Ar36 = P @ 7/15/21  7:35 AM,,PLLLPPLAA,1,Unknown,0,0,0.0651109,0.0008527,3.833822,8.883729,0.0312207,17.52198,0.062191,-0.001777,0.0017402,0.0245431,0.000576,20.88844,0.0493727,2.207135,0.255383,10.50016,1.21484,0.3100263,0.0358694,0.0535875,0.0325852,0,0.1049966,0.8949557,0.0000477,0.9936928,0.0063072,0.5320071,0.4808944,-0.0248097,0.0119082,0.9999629,0.0000371,0.9616618,0.0383382,-3.32E-09,8.09E-16,1.69E-14,85a,0.0000779,0.00001,Default,5.520831,1.000612,0.00071,0.0000496,0.0000329,7.50E-06,0.000281,6.20E-06,0.01314,0.000012,0.001003,0.00038,0.000332,0.000052,0.65,0,1.96,0,117186.7,153.5871,5610.122,11.03508,137.69,3.220248,49838.8,145.1475,365.28,4.729693,172.751,0.416173,0.0029977,1.352849,0.0475737,0.2374224,1.360943,0.9847109,0.0534857,5.81E-11,1.60E-13,4.96E-10,8.60E-12,0.01975,0,7.07E-06,0,6.31E-09,0,0.01167,0,298.56,0.56,1583.9,0.96,0.01314,-0.0006089,10.5,1.78E-15,2.05E-16,89.5,1.51E-14,2.04E-16,0,8.07E-19,3.06E-19,99.37,8.04E-16,1.63E-18,0.63,5.10E-18,3.57E-19,53.2,9.55E-18,1.29E-19,48.09,9.55E-18,1.29E-19,-2.48,-4.93E-19,4.83E-19,1.19,2.37E-19,6.89E-22,100,7.19E-15,2.09E-17,0,2.67E-19,4.18E-20,96.17,5.07E-17,6.84E-19,3.83,2.02E-18,4.50E-20,0,-1.75E-25,1.71E-25,NWRCO2 Laser,3,0,0,0,0,0,93,80,"5,10,15",,,2,117186.7,153.5871,5606.693,11.02833,137.69,3.220248,9027.41,26.29087,365.28,4.729693,172.751,0.416173,118004,150,5611.7,11,157.86,2.9,9132.8,26,441.27,4.6,173.344,0.34,0.9903587,0.9718505,0.1626879,0.9782542,0.1858009,0.9221859,-9.044968,-22.11424,-11.30355,-23.21726,-7.177058,-9.349679,1,0,1,0,1,0,1,0,1,0,1,0,1,0,1,0,1,0,1,0,1,0,1,0,0.476849,0.00089,817.3,33,5.007,0.79,20.17,1.4,105.39,3.9,75.99,1.1,0.593,0.24,0,0,1.73E-09,50.6776,3.10E-11,0,0.0064434,6.83E-09,85.0079
23227-01C,CIA dense 197',,18,7/14/2021,21.3,3.71E+09,Brent Turin,WR Int. Mag,10,Idaho Nat. Lab,Idaho,172.16.47.146,8.146,Multiplier Baseline = A @ 7/14/21  10:01 PM; Faraday Baseline = A @ 7/14/21  10:01 PM; Ar40 = L @ 7/14/21  10:01 PM; Ar39 = L @ 7/14/21  10:01 PM; Ar38 = L @ 7/14/21  10:01 PM; Ar37 = A @ 7/14/21  10:01 PM; Ar36 = L @ 7/14/21  10:01 PM; Ar40F = P @ 7/14/21  10:01 PM; Ar40F/Ar36 = L @ 7/14/21  10:01 PM; Ar40F/Ar36 = L @ 7/14/21  10:01 PM; Ar37 = L @ 7/15/21  7:35 AM; Ar40 = L @ 7/15/21  7:35 AM; Ar40 = P @ 7/15/21  7:36 AM; Ar40 = L @ 7/15/21  7:36 AM; Ar39 = L @ 7/15/21  7:36 AM; Ar39 = P @ 7/15/21  7:36 AM; Ar39 = L @ 7/15/21  7:36 AM,,LLLLLPLAA,1,Unknown,0,0,0.0393457,0.0005206,3.878532,5.431058,0.0274687,10.68543,0.0541776,-0.0019183,0.0017909,0.019738,0.0006087,13.27143,0.0378724,1.986659,0.1543962,14.91285,1.158475,0.2790594,0.0216858,0.0418865,0.030858,0,0.1491173,0.8508074,0.0000753,0.9961442,0.0038558,0.6631551,0.3611759,-0.0333832,0.0090521,0.9999391,0.0000609,0.9612147,0.0387853,-5.94E-09,6.20E-16,8.23E-15,85a,0.0000779,0.00001,Default,5.524239,1.000612,0.00071,0.0000496,0.0000329,7.50E-06,0.000281,6.20E-06,0.01314,0.000012,0.001003,0.00038,0.000332,0.000052,0.65,0,1.96,0,57051.5,71.11962,4298.822,11.03508,84.85,2.607681,23347.15,101.7435,169.14,2.19545,84.96,0.4579301,0.0028499,1.356242,0.0750649,0.2862884,1.374846,0.9781181,0.0400309,5.81E-11,1.60E-13,4.96E-10,8.60E-12,0.01975,0,7.07E-06,0,6.31E-09,0,0.01167,0,298.56,0.56,1583.9,0.96,0.01314,-0.0006589,14.91,1.23E-15,9.53E-17,85.08,7.00E-15,9.48E-17,0.01,6.20E-19,2.35E-19,99.61,6.18E-16,1.60E-18,0.39,2.39E-18,1.67E-19,66.32,4.42E-18,5.98E-20,36.12,4.42E-18,5.98E-20,-3.34,-4.09E-19,3.81E-19,0.91,1.11E-19,4.83E-22,99.99,3.37E-15,1.47E-17,0.01,2.05E-19,3.21E-20,96.12,2.35E-17,3.17E-19,3.88,9.46E-19,2.13E-20,0,-1.45E-25,1.35E-25,NWRCO2 Laser,4,0,0,0,0,0,93,80,"5,10,15",,,2,57051.5,71.11962,4296.193,11.02833,84.85,2.607681,4226.31,18.41765,169.14,2.19545,84.96,0.4579301,57868.8,63,4301.2,11,105.02,2.2,4331.7,18,245.13,1.9,85.553,0.39,0.8338193,0.9486022,0.096344,0.9583376,0.0107116,0.176955,2.967003,-21.90397,-9.665196,-23.14005,-1.811582,2.056002,1,0,1,0,1,0,1,0,1,0,1,0,1,0,1,0,1,0,1,0,1,0,1,0,0.51196,0.0018,817.3,33,5.007,0.79,20.17,1.4,105.39,3.9,75.99,1.1,0.593,0.24,0,0,1.72E-09,50.3507,3.03E-11,0,0.0064095,6.29E-09,84.9098
23227-01D,CIA dense 197',,18,7/14/2021,22.05,3.71E+09,Brent Turin,WR Int. Mag,10,Idaho Nat. Lab,Idaho,172.16.47.146,8.146,Multiplier Baseline = A @ 7/14/21  10:46 PM; Faraday Baseline = A @ 7/14/21  10:46 PM; Ar40 = L @ 7/14/21  10:46 PM; Ar39 = L @ 7/14/21  10:46 PM; Ar38 = L @ 7/14/21  10:46 PM; Ar37 = A @ 7/14/21  10:46 PM; Ar36 = L @ 7/14/21  10:46 PM; Ar40F = P @ 7/14/21  10:46 PM; Ar40F/Ar36 = L @ 7/14/21  10:46 PM; Ar40F/Ar36 = L @ 7/14/21  10:46 PM; Ar40 = L @ 7/15/21  7:36 AM; Ar39 = L @ 7/15/21  7:36 AM; Ar37 = L @ 7/15/21  7:36 AM; Ar36 = L @ 7/15/21  7:36 AM; Ar36 = L @ 7/15/21  7:37 AM; Ar36 = L @ 7/15/21  7:37 AM; Ar36 = L @ 7/15/21  7:37 AM; Ar36 = L @ 7/15/21  7:37 AM; Ar36 = L @ 7/15/21  7:37 AM; Ar36 = L @ 7/15/21  7:37 AM; Ar36 = L @ 7/15/21  7:37 AM; Ar36 = L @ 7/15/21  7:37 AM; Ar36 = L @ 7/15/21  7:37 AM; Ar40F = L @ 7/15/21  7:37 AM,,LLLLLLLAA,1,Unknown,0,0,0.0434956,0.0006129,2.803441,4.33974,0.0210639,8.531528,0.0414847,0.0009158,0.001708,0.021526,0.0005774,15.12504,0.0405291,2.509776,0.1819704,16.54349,1.198956,0.3525327,0.0255578,0.0519862,0.0300388,0,0.1654239,0.83451,0.0000661,0.996919,0.003081,0.6085431,0.3702,0.0146246,0.0066323,0.9999237,0.0000763,0.9719656,0.0280344,2.57E-09,7.19E-16,1.09E-14,85a,0.0000779,0.00001,Default,5.527664,1.000612,0.00071,0.0000496,0.0000329,7.50E-06,0.000281,6.20E-06,0.01314,0.000012,0.001003,0.00038,0.000332,0.000052,0.65,0,1.96,0,75358.1,87.46428,4982.341,12.03334,107.25,2.86531,21622.06,91.03208,216.71,3.008322,113.463,0.31241,0.0027953,1.432981,0.0659162,0.2686544,1.448663,0.9826773,0.0349984,5.81E-11,1.60E-13,4.96E-10,8.60E-12,0.01975,0,7.07E-06,0,6.31E-09,0,0.01167,0,298.56,0.56,1583.9,0.96,0.01314,0.0003148,16.54,1.80E-15,1.30E-16,83.45,9.07E-15,1.30E-16,0.01,7.19E-19,2.72E-19,99.69,7.16E-16,1.74E-18,0.31,2.21E-18,1.55E-19,60.85,5.73E-18,8.19E-20,37.02,5.73E-18,8.19E-20,1.46,2.26E-19,4.22E-19,0.66,1.03E-19,4.32E-22,99.99,3.12E-15,1.31E-17,0.01,2.38E-19,3.73E-20,97.2,3.04E-17,4.34E-19,2.8,8.76E-19,1.97E-20,0,8.03E-26,1.50E-25,NWRCO2 Laser,5.5,0,0,0,0,0,94,80,"5,10,15",,,2,75358.1,87.46428,4979.293,12.02598,107.25,2.86531,3911.61,16.46845,216.71,3.008322,113.463,0.31241,76175.4,81,4984.3,12,127.42,2.5,4017,16,292.7,2.8,114.056,0.2,0.8800857,0.9545982,0.1704838,0.9578211,0.0110525,0.5098118,-3.635864,-21.08656,-12.9424,-21.59685,-2.388275,-4.034536,1,0,1,0,1,0,1,0,1,0,1,0,1,0,1,0,1,0,1,0,1,0,1,0,0.52398,0.0014,817.3,33,5.007,0.79,20.17,1.4,105.39,3.9,75.99,1.1,0.593,0.24,0,0,1.71E-09,50.2766,2.99E-11,0,0.006433,6.71E-09,84.7935
23227-01E,CIA dense 197',,18,7/15/2021,0.5333333,3.71E+09,Brent Turin,WR Int. Mag,10,Idaho Nat. Lab,Idaho,172.16.47.146,8.146,Multiplier Baseline = A @ 7/15/21  1:15 AM; Faraday Baseline = A @ 7/15/21  1:15 AM; Ar40 = L @ 7/15/21  1:15 AM; Ar39 = L @ 7/15/21  1:15 AM; Ar38 = L @ 7/15/21  1:15 AM; Ar37 = A @ 7/15/21  1:15 AM; Ar36 = L @ 7/15/21  1:15 AM; Ar40F = P @ 7/15/21  1:15 AM; Ar40F/Ar36 = L @ 7/15/21  1:15 AM; Ar40F/Ar36 = L @ 7/15/21  1:15 AM,,LLLALPLAA,1,Unknown,0,0,0.1014516,0.0009081,1.047609,3.782595,0.3296643,7.433197,0.647887,-0.0001168,0.0025385,0.0321119,0.00086,32.85622,0.0849036,2.890925,0.2656964,8.775352,0.8060694,0.4060643,0.037316,0.0641202,0.0502742,0,0.0877509,0.9122187,0.0000304,0.9973146,0.0026854,0.4080949,0.589281,-0.001251,0.0038751,0.9999125,0.0000875,0.9895239,0.0104761,-1.41E-10,5.58E-16,1.83E-14,85a,0.0000779,0.00001,Default,5.538946,1.000613,0.00071,0.0000496,0.0000329,7.50E-06,0.000281,6.20E-06,0.01314,0.000012,0.001003,0.00038,0.000332,0.000052,0.65,0,1.96,0,127037.8,125,3866.476,9.238664,124.16,3.312099,14625.31,1274.16,392.26,3.383785,186.594,0.4632494,0.0030555,0.8821436,0.0303548,0.2600727,0.9067076,0.9582841,0.0422044,5.81E-11,1.60E-13,4.96E-10,8.60E-12,0.01975,0,7.07E-06,0,6.31E-09,0,0.01167,0,298.56,0.56,1583.9,0.96,0.01314,-0.0000402,8.78,1.61E-15,1.48E-16,91.22,1.67E-14,1.47E-16,0,5.58E-19,2.11E-19,99.73,5.56E-16,1.34E-18,0.27,1.50E-18,1.67E-19,40.81,1.06E-17,9.25E-20,58.93,1.06E-17,9.25E-20,-0.13,-2.24E-20,4.87E-19,0.39,6.94E-20,6.05E-21,99.99,2.11E-15,1.84E-16,0.01,1.85E-19,2.89E-20,98.95,5.60E-17,4.91E-19,1.05,5.93E-19,5.33E-20,0,-7.96E-27,1.73E-25,NWRCO2 Laser,8,0,0,0,0,0,93,80,"5,10,15",,,2,127037.8,125,3864.108,9.233006,124.16,3.312099,2640.45,230.0365,392.26,3.383785,186.594,0.4632494,127912,120,3868.91,9.2,150.71,2.9,2740,230,475.07,3.2,188.465,0.39,0.9878993,0.9538668,0.2524828,0,0.2815892,0.9274544,-10.48092,-21.16277,-16.23346,0,-9.923448,-10.26156,1,0,1,0,1,0,1,0,1,0,1,0,1,0,1,0,1,0,1,0,1,0,1,0,0.469615,0.00095,874.2,35,4.802,0.78,26.55,1.6,99.55,4.1,82.81,1.1,1.871,0.25,0,0,1.70E-09,50.6594,2.89E-11,0,0.0063894,5.98E-09,84.5108
23227-01F,CIA dense 197',,18,7/15/2021,1.283333,3.71E+09,Brent Turin,WR Int. Mag,10,Idaho Nat. Lab,Idaho,172.16.47.146,8.146,Multiplier Baseline = A @ 7/15/21  2:00 AM; Faraday Baseline = A @ 7/15/21  2:00 AM; Ar40 = L @ 7/15/21  2:00 AM; Ar39 = L @ 7/15/21  2:00 AM; Ar38 = L @ 7/15/21  2:00 AM; Ar37 = A @ 7/15/21  2:00 AM; Ar36 = L @ 7/15/21  2:00 AM; Ar40F = P @ 7/15/21  2:00 AM; Ar40F/Ar36 = L @ 7/15/21  2:00 AM; Ar40F/Ar36 = L @ 7/15/21  2:00 AM; Ar40 = L @ 7/15/21  7:29 AM; Ar39 = L @ 7/15/21  7:29 AM; Ar37 = L @ 7/15/21  7:29 AM; Ar36 = L @ 7/15/21  7:30 AM; Ar36 = L @ 7/15/21  7:30 AM; Ar36 = L @ 7/15/21  7:30 AM; Ar36 = L @ 7/15/21  7:30 AM; Ar36 = L @ 7/15/21  7:30 AM; Ar36 = P @ 7/15/21  7:30 AM,,LLLLPPLAA,1,Unknown,0,0,0.2387392,0.0043798,0.6799943,5.777601,0.0523516,11.37009,0.103202,-0.0084105,0.006272,0.0550834,0.0020175,76.38193,0.3731741,5.610667,1.269325,7.315507,1.654652,0.7880005,0.1782338,0.204949,0.0922489,0,0.0731541,0.9268328,0.0000131,0.9958981,0.0041019,0.2375687,0.8114153,-0.0524346,0.0034506,0.9999428,0.0000572,0.9932001,0.0067999,-4.30E-09,1.85E-16,1.41E-14,85a,0.0000779,0.00001,Default,5.542387,1.000613,0.00071,0.0000496,0.0000329,7.50E-06,0.000281,6.20E-06,0.01314,0.000012,0.001003,0.00038,0.000332,0.000052,0.65,0,1.96,0,97814.9,86.40602,1280.603,6.153437,70.54,2.56125,7398.81,56.83853,305.73,5.412947,142.809,0.4301163,0.0031044,1.784817,0.0130386,0.4905267,1.846765,0.9640836,0.0089133,5.81E-11,1.60E-13,4.96E-10,8.60E-12,0.01975,0,7.07E-06,0,6.31E-09,0,0.01167,0,298.56,0.56,1583.9,0.96,0.01314,-0.0028883,7.32,1.03E-15,2.33E-16,92.68,1.31E-14,2.33E-16,0,1.85E-19,6.99E-20,99.59,1.84E-16,8.89E-19,0.41,7.58E-19,5.33E-20,23.76,8.26E-18,1.47E-19,81.14,8.26E-18,1.47E-19,-5.24,-5.34E-19,3.98E-19,0.35,3.51E-20,2.70E-22,99.99,1.07E-15,8.20E-18,0.01,6.11E-20,9.57E-21,99.32,4.38E-17,7.81E-19,0.68,3.00E-19,7.01E-21,0,-1.90E-25,1.41E-25,NWRCO2 Laser,10,0,0,0,0,0,93,80,"5,10,15",,,2,97814.9,86.40602,1279.818,6.149667,70.54,2.56125,1334.95,10.25524,305.73,5.412947,142.809,0.4301163,98689.1,79,1284.62,6.1,97.09,2,1434.5,9.4,388.54,5.3,144.68,0.35,0.9791388,0.7390552,0.0644613,0.8724222,0.0878705,0.7510787,-6.698928,-15.85329,-7.833984,-20.26926,-5.877631,-5.544762,1,0,1,0,1,0,1,0,1,0,1,0,1,0,1,0,1,0,1,0,1,0,1,0,0.472619,0.00093,874.2,35,4.802,0.78,26.55,1.6,99.55,4.1,82.81,1.1,1.871,0.25,0,0,1.72E-09,50.5457,2.89E-11,0,0.0063777,6.47E-09,84.5025
23227-01G,CIA dense 197',,18,7/15/2021,2.033333,3.71E+09,Brent Turin,WR Int. Mag,10,Idaho Nat. Lab,Idaho,172.16.47.146,8.146,Multiplier Baseline = A @ 7/15/21  2:46 AM; Faraday Baseline = A @ 7/15/21  2:46 AM; Ar40 = L @ 7/15/21  2:46 AM; Ar39 = L @ 7/15/21  2:46 AM; Ar38 = L @ 7/15/21  2:46 AM; Ar37 = A @ 7/15/21  2:46 AM; Ar36 = L @ 7/15/21  2:46 AM; Ar40F = P @ 7/15/21  2:46 AM; Ar40F/Ar36 = L @ 7/15/21  2:46 AM; Ar40F/Ar36 = L @ 7/15/21  2:46 AM; Ar37 = L @ 7/15/21  7:30 AM; Ar36 = L @ 7/15/21  7:30 AM; Ar36 = L @ 7/15/21  7:31 AM; Ar36 = L @ 7/15/21  7:31 AM; Ar36 = L @ 7/15/21  7:31 AM; Ar36 = L @ 7/15/21  7:31 AM; Ar36 = L @ 7/15/21  7:31 AM; Ar36 = L @ 7/15/21  7:31 AM; Ar36 = L @ 7/15/21  7:31 AM; Ar36 = L @ 7/15/21  7:31 AM; Ar40 = L @ 7/15/21  7:38 AM; Ar39 = L @ 7/15/21  7:38 AM; Ar37 = L @ 7/15/21  7:38 AM; Ar36 = P @ 7/15/21  7:38 AM; Ar36 = L @ 7/15/21  7:38 AM,,LLLLLPLAA,1,Unknown,0,0,0.3627585,0.005679,0.8904963,11.49624,0.1442393,22.71741,0.2867594,-0.0158168,0.0106839,0.0757713,0.0036308,114.8373,1.130231,7.557315,1.343131,6.527229,1.158284,1.061321,0.1885688,0.2326478,0.1449209,0,0.0652717,0.9347196,8.66E-06,0.9918379,0.0081621,0.1720012,0.8944007,-0.0713934,0.0049915,0.9999714,0.0000286,0.991095,0.008905,-5.30E-09,1.04E-16,1.19E-14,85a,0.0000779,0.00001,Default,5.545822,1.000613,0.00071,0.0000496,0.0000329,7.50E-06,0.000281,6.20E-06,0.01314,0.000012,0.001003,0.00038,0.000332,0.000052,0.65,0,1.96,0,82750.6,91,720.5896,7.047642,54.6,2.56125,8284.071,65.10379,261.4,3.195309,122.24,0.3982462,0.0031308,1.238279,0.008637,0.9922297,1.579101,0.7779683,0.0098429,5.81E-11,1.60E-13,4.96E-10,8.60E-12,0.01975,0,7.07E-06,0,6.31E-09,0,0.01167,0,298.56,0.56,1583.9,0.96,0.01314,-0.0054096,6.53,7.79E-16,1.38E-16,93.47,1.12E-14,1.38E-16,0,1.03E-19,3.92E-20,99.18,1.03E-16,1.02E-18,0.82,8.48E-19,5.96E-20,17.2,7.04E-18,8.69E-20,89.44,7.04E-18,8.69E-20,-7.14,-5.62E-19,3.80E-19,0.5,3.93E-20,3.09E-22,100,1.20E-15,9.39E-18,0,3.42E-20,5.36E-21,99.11,3.74E-17,4.61E-19,0.89,3.36E-19,7.86E-21,0,-2.00E-25,1.35E-25,NWRCO2 Laser,15,0,0,0,0,0,93,80,"5,10,15",,,2,82750.6,91,720.148,7.043323,54.6,2.56125,1493.75,11.73925,261.4,3.195309,122.24,0.3982462,83624.8,84,724.95,7,81.15,2,1593.3,11,344.21,3,124.111,0.31,0.8975928,0.2444786,0.0026636,0.8559489,0.0736521,0.4631829,-3.64763,-13.37259,-1.706043,-19.91478,-5.555374,-2.984755,1,0,1,0,1,0,1,0,1,0,1,0,1,0,1,0,1,0,1,0,1,0,1,0,0.46717,0.0012,874.2,35,4.802,0.78,26.55,1.6,99.55,4.1,82.81,1.1,1.871,0.25,0,0,1.72E-09,51.9926,2.90E-11,0,0.0063642,9.15E-09,84.3044
23227-01H,CIA dense 197',,18,7/15/2021,2.8,3.71E+09,Brent Turin,WR Int. Mag,10,Idaho Nat. Lab,Idaho,172.16.47.146,8.146,Multiplier Baseline = A @ 7/15/21  3:31 AM; Faraday Baseline = A @ 7/15/21  3:31 AM; Ar40 = L @ 7/15/21  3:31 AM; Ar39 = L @ 7/15/21  3:31 AM; Ar38 = L @ 7/15/21  3:31 AM; Ar37 = A @ 7/15/21  3:31 AM; Ar36 = L @ 7/15/21  3:31 AM; Ar40F = P @ 7/15/21  3:31 AM; Ar40F/Ar36 = L @ 7/15/21  3:31 AM; Ar40F/Ar36 = L @ 7/15/21  3:31 AM; Ar40 = P @ 7/15/21  7:32 AM; Ar39 = L @ 7/15/21  7:32 AM; Ar37 = L @ 7/15/21  7:32 AM; Ar36 = L @ 7/15/21  7:32 AM; Ar40 = P @ 7/15/21  7:39 AM; Ar39 = L @ 7/15/21  7:39 AM; Ar39 = A @ 7/15/21  7:39 AM; Ar37 = L @ 7/15/21  7:39 AM; Ar36 = L @ 7/15/21  7:40 AM; Ar36 = L @ 7/15/21  7:40 AM; Ar36 = L @ 7/15/21  7:40 AM; Ar36 = L @ 7/15/21  7:40 AM; Ar36 = L @ 7/15/21  7:40 AM; Ar36 = L @ 7/15/21  7:40 AM; Ar36 = L @ 7/15/21  7:40 AM; Ar36 = L @ 7/15/21  7:41 AM,,PALLLPLAA,1,Unknown,0,0,0.3647045,0.007647,1.492132,19.36643,0.1974503,38.48675,0.3953706,-0.030043,0.0198866,0.0710991,0.0066235,114.7052,0.6501688,7.546518,2.287186,6.488649,1.966419,1.059805,0.3211095,0.348748,0.3960275,0,0.0648859,0.9351054,8.62E-06,0.9862501,0.0137499,0.1822713,0.952471,-0.1437037,0.0089614,0.9999831,0.0000169,0.9850787,0.0149213,-9.97E-09,4.93E-17,5.66E-15,85a,0.0000779,0.00001,Default,5.549266,1.000613,0.00071,0.0000496,0.0000329,7.50E-06,0.000281,6.20E-06,0.01314,0.000012,0.001003,0.00038,0.000332,0.000052,0.65,0,1.96,0,39235.8,125,342.0577,1.603606,24.32,2.262742,6624.436,59.97573,124.75,2.54951,58.594,0.4301163,0.0031321,2.099016,0.0085982,0.5723791,2.128412,0.9634329,0.0844823,5.81E-11,1.60E-13,4.96E-10,8.60E-12,0.01975,0,7.07E-06,0,6.31E-09,0,0.01167,0,298.56,0.56,1583.9,0.96,0.01314,-0.0102172,6.49,3.67E-16,1.11E-16,93.51,5.29E-15,1.10E-16,0,4.88E-20,1.85E-20,98.63,4.87E-17,2.36E-19,1.37,6.78E-19,4.78E-20,18.23,3.34E-18,6.93E-20,95.25,3.34E-18,6.93E-20,-14.37,-5.04E-19,3.34E-19,0.9,3.14E-20,2.85E-22,100,9.55E-16,8.65E-18,0,1.62E-20,2.53E-21,98.51,1.77E-17,3.68E-19,1.49,2.69E-19,6.40E-21,0,-1.79E-25,1.19E-25,NWRCO2 Laser,19,0,0,0,0,0,93,80,"5,10,15",,,2,39235.8,125,341.848,1.602623,24.32,2.262742,1193.75,10.80787,124.75,2.54951,58.594,0.4301163,40110,120,346.65,1.4,50.87,1.6,1293.3,10,207.56,2.3,60.465,0.35,0.9854144,0,0.0105202,0.7813058,0.04004,0.8115679,16.56575,0,4.553932,-17.63497,5.157076,16.66366,1,0,1,0,1,0,1,0,1,0,1,0,1,0,1,0,1,0,1,0,1,0,1,0,0.47563,0.0022,874.2,35,4.802,0.78,26.55,1.6,99.55,4.1,82.81,1.1,1.871,0.25,0,0,1.74E-09,50.9394,2.85E-11,0,0.0063353,1.07E-08,84.2146
23227-01I,CIA dense 197',,18,7/15/2021,5.283333,3.71E+09,Brent Turin,WR Int. Mag,10,Idaho Nat. Lab,Idaho,172.16.47.146,8.146,Multiplier Baseline = A @ 7/15/21  6:00 AM; Faraday Baseline = A @ 7/15/21  6:00 AM; Ar40 = L @ 7/15/21  6:00 AM; Ar39 = L @ 7/15/21  6:00 AM; Ar38 = L @ 7/15/21  6:00 AM; Ar37 = A @ 7/15/21  6:00 AM; Ar36 = L @ 7/15/21  6:00 AM; Ar40F = P @ 7/15/21  6:00 AM; Ar40F/Ar36 = L @ 7/15/21  6:00 AM; Ar40F/Ar36 = L @ 7/15/21  6:00 AM,,LLLALPLAA,1,Unknown,0,0,0.5443073,0.0080198,2.191439,42.44929,3.531746,85.78545,7.145085,0.0417736,0.0189978,0.1284629,0.0062953,158.8384,1.254322,-0.1130883,2.154821,-0.0690517,1.315758,-0.0158864,0.3027066,0.3027135,0.2049707,0,-0.0006905,1.000684,6.12E-06,0.9698612,0.0301388,0.0992036,0.7811732,0.1087518,0.0108714,0.9999924,7.59E-06,0.9780856,0.0219144,9.14E-09,5.47E-17,8.70E-15,85a,0.0000779,0.00001,Default,5.560632,1.000614,0.00071,0.0000496,0.0000329,7.50E-06,0.000281,6.20E-06,0.01314,0.000012,0.001003,0.00038,0.000332,0.000052,0.65,0,1.96,0,60289.5,115.1347,379.565,2.908398,48.76,2.360085,16112.26,1334.83,206.6,2.6,87.799,0.4188078,0.0033517,1.31394,0.006106,0.8526119,1.511576,0.8336325,0.0325544,5.81E-11,1.60E-13,4.96E-10,8.60E-12,0.01975,0,7.07E-06,0,6.31E-09,0,0.01167,0,298.56,0.56,1583.9,0.96,0.01314,0.0139706,-0.07,-6.00E-18,1.14E-16,100.07,8.70E-15,1.13E-16,0,5.33E-20,2.02E-20,96.99,5.31E-17,4.56E-19,3.01,1.65E-18,1.79E-19,9.92,5.49E-18,7.15E-20,78.12,5.49E-18,7.15E-20,10.88,7.65E-19,3.48E-19,1.09,7.65E-20,6.33E-21,100,2.32E-15,1.93E-16,0,1.76E-20,2.76E-21,97.81,2.92E-17,3.79E-19,2.19,6.53E-19,5.60E-20,0,2.72E-25,1.24E-25,NWRCO2 Laser,23,0,0,0,0,0,93,80,"5,10,15",,,2,60289.5,115.1347,379.332,2.906613,48.76,2.360085,2897.56,240.05,206.6,2.6,87.799,0.4188078,61252,110,384.66,2.8,65.67,1.9,2995,240,276.71,2.4,87.776,0.35,0.8923611,0.061314,0.0002563,0,0.0022294,0.7762672,6.113026,3.541116,0.644891,0,0.9247077,9.78947,1,0,1,0,1,0,1,0,1,0,1,0,1,0,1,0,1,0,1,0,1,0,1,0,0.43396,0.0016,962.5,34,5.328,0.78,16.91,1.4,97.44,4.9,70.11,1,-0.023,0.23,0,0,1.75E-09,52.5001,2.84E-11,0,0.0063449,8.86E-09,83.9395
23227-01J,CIA dense 197',,18,7/15/2021,6.033333,3.71E+09,Brent Turin,WR Int. Mag,10,Idaho Nat. Lab,Idaho,172.16.47.146,8.146,Multiplier Baseline = A @ 7/15/21  6:45 AM; Faraday Baseline = A @ 7/15/21  6:45 AM; Ar40 = L @ 7/15/21  6:45 AM; Ar39 = L @ 7/15/21  6:45 AM; Ar38 = L @ 7/15/21  6:45 AM; Ar37 = A @ 7/15/21  6:45 AM; Ar36 = L @ 7/15/21  6:45 AM; Ar40F = P @ 7/15/21  6:45 AM; Ar40F/Ar36 = L @ 7/15/21  6:45 AM; Ar40F/Ar36 = L @ 7/15/21  6:45 AM,,LLLALPLAA,1,Unknown,0,0,1.892187,0.0315485,0.4838158,32.57933,2.311367,65.36686,4.644695,0.1151252,0.0353089,0.4076335,0.0129396,574.19,8.780562,12.27478,5.550832,2.088311,0.9437762,1.723507,0.7790227,0.8098281,0.9431123,0,0.0208831,0.9791152,1.71E-06,0.9768689,0.0231311,0.0314892,0.8707466,0.0951347,0.0026294,0.99999,9.95E-06,0.9951618,0.0048382,7.30E-09,3.37E-17,1.94E-14,85a,0.0000779,0.00001,Default,5.564089,1.000614,0.00071,0.0000496,0.0000329,7.50E-06,0.000281,6.20E-06,0.01314,0.000012,0.001003,0.00038,0.000332,0.000052,0.65,0,1.96,0,134323.5,650.8886,233.9356,3.393013,95.36,2.692582,7621.467,529.2911,442.65,3.640055,191.303,0.4272002,0.0032795,0.9585244,0.0017013,1.570457,1.704223,0.4179012,0.1559848,5.81E-11,1.60E-13,4.96E-10,8.60E-12,0.01975,0,7.07E-06,0,6.31E-09,0,0.01167,0,298.56,0.56,1583.9,0.96,0.01314,0.0387801,2.09,4.05E-16,1.83E-16,97.91,1.90E-14,1.57E-16,0,3.31E-20,1.25E-20,97.69,3.30E-17,4.95E-19,2.31,7.81E-19,7.69E-20,3.15,1.20E-17,9.91E-20,87.07,1.20E-17,9.91E-20,9.51,1.31E-18,4.01E-19,0.26,3.62E-20,2.51E-21,100,1.10E-15,7.63E-17,0,1.09E-20,1.71E-21,99.52,6.35E-17,5.26E-19,0.48,3.09E-19,2.25E-20,0,4.66E-25,1.43E-25,NWRCO2 Laser,26,0,0,0,0,0,93,80,"5,10,15",,,2,134323.5,650.8886,233.792,3.390929,95.36,2.692582,1369.76,95.12628,442.65,3.640055,191.303,0.4272002,135286,650,239.12,3.3,112.27,2.3,1467.2,95,512.76,3.5,191.28,0.36,0.1060893,0.7829106,0.0014203,0,0.0024988,0.8288353,2.018009,45.38466,-1.07915,0,0.7549577,1.684304,1,0,1,0,1,0,1,0,1,0,1,0,1,0,1,0,1,0,1,0,1,0,1,0,0.45144,0.0011,962.5,34,5.328,0.78,16.91,1.4,97.44,4.9,70.11,1,-0.023,0.23,0,0,1.80E-09,50.9665,2.78E-11,0,0.0063522,8.75E-09,84.0442
,,,,,,,,,,,,,,,,,,,,,,,,,,,,,,,,,,,,,,,,,,,,,,,,,,,,,,,,,,,,,,,,,,,,,,,,,,,,,,,,,,,,,,,,,,,,,,,,,,,,,,,,,,,,,,,,,,,,,,,,,,,,,,,,,,,,,,,,,,,,,,,,,,,,,,,,,,,,,,,,,,,,,,,,,,,,,,,,,,,,,,,,,,,,,,,,,,,,,,,,,,,,,,,,,,,,,,,,,,,,,,,,,,,,,,,,,,,,,,,,,,,,,,,,,,,,,,,
,,,,,,,,,,,,,,,,,,,,,,,,,,,,,,,,,,,,,,,,,,,,,,,,,,,,,,,,,,,,,,,,,,,,,,,,,,,,,,,,,,,,,,,,,,,,,,,,,,,,,,,,,,,,,,,,,,,,,,,,,,,,,,,,,,,,,,,,,,,,,,,,,,,,,,,,,,,,,,,,,,,,,,,,,,,,,,,,,,,,,,,,,,,,,,,,,,,,,,,,,,,,,,,,,,,,,,,,,,,,,,,,,,,,,,,,,,,,,,,,,,,,,,,,,,,,,,,
,,,,,,,,,,,,,,,,,,,,,,,,,,,,,,,,,,,,,,,,,,,,,,,,,,,,,,,,,,,,,,,,,,,,,,,,,,,,,,,,,,,,,,,,,,,,,,,,,,,,,,,,,,,,,,,,,,,,,,,,,,,,,,,,,,,,,,,,,,,,,,,,,,,,,,,,,,,,,,,,,,,,,,,,,,,,,,,,,,,,,,,,,,,,,,,,,,,,,,,,,,,,,,,,,,,,,,,,,,,,,,,,,,,,,,,,,,,,,,,,,,,,,,,,,,,,,,,
,,,,,,,,,,,,,,,,,,,,,,,,,,,,,,,,,,,,,,,,,,,,,,,,,,,,,,,,,,,,,,,,,,,,,,,,,,,,,,,,,,,,,,,,,,,,,,,,,,,,,,,,,,,,,,,,,,,,,,,,,,,,,,,,,,,,,,,,,,,,,,,,,,,,,,,,,,,,,,,,,,,,,,,,,,,,,,,,,,,,,,,,,,,,,,,,,,,,,,,,,,,,,,,,,,,,,,,,,,,,,,,,,,,,,,,,,,,,,,,,,,,,,,,,,,,,,,,
,,,,,,,,,,,,,,,,,,,,,,,,,,,,,,,,,,,,,,,,,,,,,,,,,,,,,,,,,,,,,,,,,,,,,,,,,,,,,,,,,,,,,,,,,,,,,,,,,,,,,,,,,,,,,,,,,,,,,,,,,,,,,,,,,,,,,,,,,,,,,,,,,,,,,,,,,,,,,,,,,,,,,,,,,,,,,,,,,,,,,,,,,,,,,,,,,,,,,,,,,,,,,,,,,,,,,,,,,,,,,,,,,,,,,,,,,,,,,,,,,,,,,,,,,,,,,,,
--- Atmospheric argon ratios and discrimination ---,,,,,,,,,,,,,,,,,,,,,,,,,,,,,,,,,,,,,,,,,,,,,,,,,,,,,,,,,,,,,,,,,,,,,,,,,,,,,,,,,,,,,,,,,,,,,,,,,,,,,,,,,,,,,,,,,,,,,,,,,,,,,,,,,,,,,,,,,,,,,,,,,,,,,,,,,,,,,,,,,,,,,,,,,,,,,,,,,,,,,,,,,,,,,,,,,,,,,,,,,,,,,,,,,,,,,,,,,,,,,,,,,,,,,,,,,,,,,,,,,,,,,,,,,,,,,,,
(40Ar/36Ar)atm,298.56  0.56,,,,,,,,,,,,,,,,,,,,,,,,,,,,,,,,,,,,,,,,,,,,,,,,,,,,,,,,,,,,,,,,,,,,,,,,,,,,,,,,,,,,,,,,,,,,,,,,,,,,,,,,,,,,,,,,,,,,,,,,,,,,,,,,,,,,,,,,,,,,,,,,,,,,,,,,,,,,,,,,,,,,,,,,,,,,,,,,,,,,,,,,,,,,,,,,,,,,,,,,,,,,,,,,,,,,,,,,,,,,,,,,,,,,,,,,,,,,,,,,,,,,,,,,,,,,,,
(40Ar/38Ar)atm,1583.9  0.96,,,,,,,,,,,,,,,,,,,,,,,,,,,,,,,,,,,,,,,,,,,,,,,,,,,,,,,,,,,,,,,,,,,,,,,,,,,,,,,,,,,,,,,,,,,,,,,,,,,,,,,,,,,,,,,,,,,,,,,,,,,,,,,,,,,,,,,,,,,,,,,,,,,,,,,,,,,,,,,,,,,,,,,,,,,,,,,,,,,,,,,,,,,,,,,,,,,,,,,,,,,,,,,,,,,,,,,,,,,,,,,,,,,,,,,,,,,,,,,,,,,,,,,,,,,,,,
Source of spectrometer discrimination value and error,Saved with run,,,,,,,,,,,,,,,,,,,,,,,,,,,,,,,,,,,,,,,,,,,,,,,,,,,,,,,,,,,,,,,,,,,,,,,,,,,,,,,,,,,,,,,,,,,,,,,,,,,,,,,,,,,,,,,,,,,,,,,,,,,,,,,,,,,,,,,,,,,,,,,,,,,,,,,,,,,,,,,,,,,,,,,,,,,,,,,,,,,,,,,,,,,,,,,,,,,,,,,,,,,,,,,,,,,,,,,,,,,,,,,,,,,,,,,,,,,,,,,,,,,,,,,,,,,,,,
,,,,,,,,,,,,,,,,,,,,,,,,,,,,,,,,,,,,,,,,,,,,,,,,,,,,,,,,,,,,,,,,,,,,,,,,,,,,,,,,,,,,,,,,,,,,,,,,,,,,,,,,,,,,,,,,,,,,,,,,,,,,,,,,,,,,,,,,,,,,,,,,,,,,,,,,,,,,,,,,,,,,,,,,,,,,,,,,,,,,,,,,,,,,,,,,,,,,,,,,,,,,,,,,,,,,,,,,,,,,,,,,,,,,,,,,,,,,,,,,,,,,,,,,,,,,,,,
Source of spectrometer sensitivity value and error,Saved with run,,,,,,,,,,,,,,,,,,,,,,,,,,,,,,,,,,,,,,,,,,,,,,,,,,,,,,,,,,,,,,,,,,,,,,,,,,,,,,,,,,,,,,,,,,,,,,,,,,,,,,,,,,,,,,,,,,,,,,,,,,,,,,,,,,,,,,,,,,,,,,,,,,,,,,,,,,,,,,,,,,,,,,,,,,,,,,,,,,,,,,,,,,,,,,,,,,,,,,,,,,,,,,,,,,,,,,,,,,,,,,,,,,,,,,,,,,,,,,,,,,,,,,,,,,,,,,
,,,,,,,,,,,,,,,,,,,,,,,,,,,,,,,,,,,,,,,,,,,,,,,,,,,,,,,,,,,,,,,,,,,,,,,,,,,,,,,,,,,,,,,,,,,,,,,,,,,,,,,,,,,,,,,,,,,,,,,,,,,,,,,,,,,,,,,,,,,,,,,,,,,,,,,,,,,,,,,,,,,,,,,,,,,,,,,,,,,,,,,,,,,,,,,,,,,,,,,,,,,,,,,,,,,,,,,,,,,,,,,,,,,,,,,,,,,,,,,,,,,,,,,,,,,,,,,
Source of detector intercalibration value and error,Saved with run,,,,,,,,,,,,,,,,,,,,,,,,,,,,,,,,,,,,,,,,,,,,,,,,,,,,,,,,,,,,,,,,,,,,,,,,,,,,,,,,,,,,,,,,,,,,,,,,,,,,,,,,,,,,,,,,,,,,,,,,,,,,,,,,,,,,,,,,,,,,,,,,,,,,,,,,,,,,,,,,,,,,,,,,,,,,,,,,,,,,,,,,,,,,,,,,,,,,,,,,,,,,,,,,,,,,,,,,,,,,,,,,,,,,,,,,,,,,,,,,,,,,,,,,,,,,,,
,,,,,,,,,,,,,,,,,,,,,,,,,,,,,,,,,,,,,,,,,,,,,,,,,,,,,,,,,,,,,,,,,,,,,,,,,,,,,,,,,,,,,,,,,,,,,,,,,,,,,,,,,,,,,,,,,,,,,,,,,,,,,,,,,,,,,,,,,,,,,,,,,,,,,,,,,,,,,,,,,,,,,,,,,,,,,,,,,,,,,,,,,,,,,,,,,,,,,,,,,,,,,,,,,,,,,,,,,,,,,,,,,,,,,,,,,,,,,,,,,,,,,,,,,,,,,,,
--- Source of J and use of J Adjustment Table ---,,,,,,,,,,,,,,,,,,,,,,,,,,,,,,,,,,,,,,,,,,,,,,,,,,,,,,,,,,,,,,,,,,,,,,,,,,,,,,,,,,,,,,,,,,,,,,,,,,,,,,,,,,,,,,,,,,,,,,,,,,,,,,,,,,,,,,,,,,,,,,,,,,,,,,,,,,,,,,,,,,,,,,,,,,,,,,,,,,,,,,,,,,,,,,,,,,,,,,,,,,,,,,,,,,,,,,,,,,,,,,,,,,,,,,,,,,,,,,,,,,,,,,,,,,,,,,,
Use J saved with run,FALSE,,,,,,,,,,,,,,,,,,,,,,,,,,,,,,,,,,,,,,,,,,,,,,,,,,,,,,,,,,,,,,,,,,,,,,,,,,,,,,,,,,,,,,,,,,,,,,,,,,,,,,,,,,,,,,,,,,,,,,,,,,,,,,,,,,,,,,,,,,,,,,,,,,,,,,,,,,,,,,,,,,,,,,,,,,,,,,,,,,,,,,,,,,,,,,,,,,,,,,,,,,,,,,,,,,,,,,,,,,,,,,,,,,,,,,,,,,,,,,,,,,,,,,,,,,,,,,
J adjustment table useage,Multiply times J,,,,,,,,,,,,,,,,,,,,,,,,,,,,,,,,,,,,,,,,,,,,,,,,,,,,,,,,,,,,,,,,,,,,,,,,,,,,,,,,,,,,,,,,,,,,,,,,,,,,,,,,,,,,,,,,,,,,,,,,,,,,,,,,,,,,,,,,,,,,,,,,,,,,,,,,,,,,,,,,,,,,,,,,,,,,,,,,,,,,,,,,,,,,,,,,,,,,,,,,,,,,,,,,,,,,,,,,,,,,,,,,,,,,,,,,,,,,,,,,,,,,,,,,,,,,,,
,,,,,,,,,,,,,,,,,,,,,,,,,,,,,,,,,,,,,,,,,,,,,,,,,,,,,,,,,,,,,,,,,,,,,,,,,,,,,,,,,,,,,,,,,,,,,,,,,,,,,,,,,,,,,,,,,,,,,,,,,,,,,,,,,,,,,,,,,,,,,,,,,,,,,,,,,,,,,,,,,,,,,,,,,,,,,,,,,,,,,,,,,,,,,,,,,,,,,,,,,,,,,,,,,,,,,,,,,,,,,,,,,,,,,,,,,,,,,,,,,,,,,,,,,,,,,,,
--- Minor irradiation parameters (see also Irradiation Data File) ---,,,,,,,,,,,,,,,,,,,,,,,,,,,,,,,,,,,,,,,,,,,,,,,,,,,,,,,,,,,,,,,,,,,,,,,,,,,,,,,,,,,,,,,,,,,,,,,,,,,,,,,,,,,,,,,,,,,,,,,,,,,,,,,,,,,,,,,,,,,,,,,,,,,,,,,,,,,,,,,,,,,,,,,,,,,,,,,,,,,,,,,,,,,,,,,,,,,,,,,,,,,,,,,,,,,,,,,,,,,,,,,,,,,,,,,,,,,,,,,,,,,,,,,,,,,,,,,
(38Ar/37Ar)Ca,0.0000196  8.160000e-7,,,,,,,,,,,,,,,,,,,,,,,,,,,,,,,,,,,,,,,,,,,,,,,,,,,,,,,,,,,,,,,,,,,,,,,,,,,,,,,,,,,,,,,,,,,,,,,,,,,,,,,,,,,,,,,,,,,,,,,,,,,,,,,,,,,,,,,,,,,,,,,,,,,,,,,,,,,,,,,,,,,,,,,,,,,,,,,,,,,,,,,,,,,,,,,,,,,,,,,,,,,,,,,,,,,,,,,,,,,,,,,,,,,,,,,,,,,,,,,,,,,,,,,,,,,,,,
(38Ar/39Ar)K,0.0122  0.000027,,,,,,,,,,,,,,,,,,,,,,,,,,,,,,,,,,,,,,,,,,,,,,,,,,,,,,,,,,,,,,,,,,,,,,,,,,,,,,,,,,,,,,,,,,,,,,,,,,,,,,,,,,,,,,,,,,,,,,,,,,,,,,,,,,,,,,,,,,,,,,,,,,,,,,,,,,,,,,,,,,,,,,,,,,,,,,,,,,,,,,,,,,,,,,,,,,,,,,,,,,,,,,,,,,,,,,,,,,,,,,,,,,,,,,,,,,,,,,,,,,,,,,,,,,,,,,
P(36Cl/38Cl),262.9  1.1,,,,,,,,,,,,,,,,,,,,,,,,,,,,,,,,,,,,,,,,,,,,,,,,,,,,,,,,,,,,,,,,,,,,,,,,,,,,,,,,,,,,,,,,,,,,,,,,,,,,,,,,,,,,,,,,,,,,,,,,,,,,,,,,,,,,,,,,,,,,,,,,,,,,,,,,,,,,,,,,,,,,,,,,,,,,,,,,,,,,,,,,,,,,,,,,,,,,,,,,,,,,,,,,,,,,,,,,,,,,,,,,,,,,,,,,,,,,,,,,,,,,,,,,,,,,,,
,,,,,,,,,,,,,,,,,,,,,,,,,,,,,,,,,,,,,,,,,,,,,,,,,,,,,,,,,,,,,,,,,,,,,,,,,,,,,,,,,,,,,,,,,,,,,,,,,,,,,,,,,,,,,,,,,,,,,,,,,,,,,,,,,,,,,,,,,,,,,,,,,,,,,,,,,,,,,,,,,,,,,,,,,,,,,,,,,,,,,,,,,,,,,,,,,,,,,,,,,,,,,,,,,,,,,,,,,,,,,,,,,,,,,,,,,,,,,,,,,,,,,,,,,,,,,,,
--- Decay constants ---,,,,,,,,,,,,,,,,,,,,,,,,,,,,,,,,,,,,,,,,,,,,,,,,,,,,,,,,,,,,,,,,,,,,,,,,,,,,,,,,,,,,,,,,,,,,,,,,,,,,,,,,,,,,,,,,,,,,,,,,,,,,,,,,,,,,,,,,,,,,,,,,,,,,,,,,,,,,,,,,,,,,,,,,,,,,,,,,,,,,,,,,,,,,,,,,,,,,,,,,,,,,,,,,,,,,,,,,,,,,,,,,,,,,,,,,,,,,,,,,,,,,,,,,,,,,,,,
Lambda 40K epsilon,5.810000e-11  1.600000e-13,,,,,,,,,,,,,,,,,,,,,,,,,,,,,,,,,,,,,,,,,,,,,,,,,,,,,,,,,,,,,,,,,,,,,,,,,,,,,,,,,,,,,,,,,,,,,,,,,,,,,,,,,,,,,,,,,,,,,,,,,,,,,,,,,,,,,,,,,,,,,,,,,,,,,,,,,,,,,,,,,,,,,,,,,,,,,,,,,,,,,,,,,,,,,,,,,,,,,,,,,,,,,,,,,,,,,,,,,,,,,,,,,,,,,,,,,,,,,,,,,,,,,,,,,,,,,,
Lambda 40K Beta,4.962000e-10  8.600000e-12,,,,,,,,,,,,,,,,,,,,,,,,,,,,,,,,,,,,,,,,,,,,,,,,,,,,,,,,,,,,,,,,,,,,,,,,,,,,,,,,,,,,,,,,,,,,,,,,,,,,,,,,,,,,,,,,,,,,,,,,,,,,,,,,,,,,,,,,,,,,,,,,,,,,,,,,,,,,,,,,,,,,,,,,,,,,,,,,,,,,,,,,,,,,,,,,,,,,,,,,,,,,,,,,,,,,,,,,,,,,,,,,,,,,,,,,,,,,,,,,,,,,,,,,,,,,,,
Lambda 37Ar,0.01975  0,,,,,,,,,,,,,,,,,,,,,,,,,,,,,,,,,,,,,,,,,,,,,,,,,,,,,,,,,,,,,,,,,,,,,,,,,,,,,,,,,,,,,,,,,,,,,,,,,,,,,,,,,,,,,,,,,,,,,,,,,,,,,,,,,,,,,,,,,,,,,,,,,,,,,,,,,,,,,,,,,,,,,,,,,,,,,,,,,,,,,,,,,,,,,,,,,,,,,,,,,,,,,,,,,,,,,,,,,,,,,,,,,,,,,,,,,,,,,,,,,,,,,,,,,,,,,,
Lambda 39Ar,7.068000e-6  0,,,,,,,,,,,,,,,,,,,,,,,,,,,,,,,,,,,,,,,,,,,,,,,,,,,,,,,,,,,,,,,,,,,,,,,,,,,,,,,,,,,,,,,,,,,,,,,,,,,,,,,,,,,,,,,,,,,,,,,,,,,,,,,,,,,,,,,,,,,,,,,,,,,,,,,,,,,,,,,,,,,,,,,,,,,,,,,,,,,,,,,,,,,,,,,,,,,,,,,,,,,,,,,,,,,,,,,,,,,,,,,,,,,,,,,,,,,,,,,,,,,,,,,,,,,,,,
Lambda 36Cl,6.308000e-9  0,,,,,,,,,,,,,,,,,,,,,,,,,,,,,,,,,,,,,,,,,,,,,,,,,,,,,,,,,,,,,,,,,,,,,,,,,,,,,,,,,,,,,,,,,,,,,,,,,,,,,,,,,,,,,,,,,,,,,,,,,,,,,,,,,,,,,,,,,,,,,,,,,,,,,,,,,,,,,,,,,,,,,,,,,,,,,,,,,,,,,,,,,,,,,,,,,,,,,,,,,,,,,,,,,,,,,,,,,,,,,,,,,,,,,,,,,,,,,,,,,,,,,,,,,,,,,,
,,,,,,,,,,,,,,,,,,,,,,,,,,,,,,,,,,,,,,,,,,,,,,,,,,,,,,,,,,,,,,,,,,,,,,,,,,,,,,,,,,,,,,,,,,,,,,,,,,,,,,,,,,,,,,,,,,,,,,,,,,,,,,,,,,,,,,,,,,,,,,,,,,,,,,,,,,,,,,,,,,,,,,,,,,,,,,,,,,,,,,,,,,,,,,,,,,,,,,,,,,,,,,,,,,,,,,,,,,,,,,,,,,,,,,,,,,,,,,,,,,,,,,,,,,,,,,,
--- Calculation options ---,,,,,,,,,,,,,,,,,,,,,,,,,,,,,,,,,,,,,,,,,,,,,,,,,,,,,,,,,,,,,,,,,,,,,,,,,,,,,,,,,,,,,,,,,,,,,,,,,,,,,,,,,,,,,,,,,,,,,,,,,,,,,,,,,,,,,,,,,,,,,,,,,,,,,,,,,,,,,,,,,,,,,,,,,,,,,,,,,,,,,,,,,,,,,,,,,,,,,,,,,,,,,,,,,,,,,,,,,,,,,,,,,,,,,,,,,,,,,,,,,,,,,,,,,,,,,,,
Normalize gain,FALSE,,,,,,,,,,,,,,,,,,,,,,,,,,,,,,,,,,,,,,,,,,,,,,,,,,,,,,,,,,,,,,,,,,,,,,,,,,,,,,,,,,,,,,,,,,,,,,,,,,,,,,,,,,,,,,,,,,,,,,,,,,,,,,,,,,,,,,,,,,,,,,,,,,,,,,,,,,,,,,,,,,,,,,,,,,,,,,,,,,,,,,,,,,,,,,,,,,,,,,,,,,,,,,,,,,,,,,,,,,,,,,,,,,,,,,,,,,,,,,,,,,,,,,,,,,,,,,
Use volume fraction delivered to ms to normalize gain,FALSE,,,,,,,,,,,,,,,,,,,,,,,,,,,,,,,,,,,,,,,,,,,,,,,,,,,,,,,,,,,,,,,,,,,,,,,,,,,,,,,,,,,,,,,,,,,,,,,,,,,,,,,,,,,,,,,,,,,,,,,,,,,,,,,,,,,,,,,,,,,,,,,,,,,,,,,,,,,,,,,,,,,,,,,,,,,,,,,,,,,,,,,,,,,,,,,,,,,,,,,,,,,,,,,,,,,,,,,,,,,,,,,,,,,,,,,,,,,,,,,,,,,,,,,,,,,,,,
Always calculate without ratios,TRUE,,,,,,,,,,,,,,,,,,,,,,,,,,,,,,,,,,,,,,,,,,,,,,,,,,,,,,,,,,,,,,,,,,,,,,,,,,,,,,,,,,,,,,,,,,,,,,,,,,,,,,,,,,,,,,,,,,,,,,,,,,,,,,,,,,,,,,,,,,,,,,,,,,,,,,,,,,,,,,,,,,,,,,,,,,,,,,,,,,,,,,,,,,,,,,,,,,,,,,,,,,,,,,,,,,,,,,,,,,,,,,,,,,,,,,,,,,,,,,,,,,,,,,,,,,,,,,
Calc. %40Ar* as %40*/(40*+40Atm),TRUE,,,,,,,,,,,,,,,,,,,,,,,,,,,,,,,,,,,,,,,,,,,,,,,,,,,,,,,,,,,,,,,,,,,,,,,,,,,,,,,,,,,,,,,,,,,,,,,,,,,,,,,,,,,,,,,,,,,,,,,,,,,,,,,,,,,,,,,,,,,,,,,,,,,,,,,,,,,,,,,,,,,,,,,,,,,,,,,,,,,,,,,,,,,,,,,,,,,,,,,,,,,,,,,,,,,,,,,,,,,,,,,,,,,,,,,,,,,,,,,,,,,,,,,,,,,,,,
Number of trials in Monte Carlo sim.,10,,,,,,,,,,,,,,,,,,,,,,,,,,,,,,,,,,,,,,,,,,,,,,,,,,,,,,,,,,,,,,,,,,,,,,,,,,,,,,,,,,,,,,,,,,,,,,,,,,,,,,,,,,,,,,,,,,,,,,,,,,,,,,,,,,,,,,,,,,,,,,,,,,,,,,,,,,,,,,,,,,,,,,,,,,,,,,,,,,,,,,,,,,,,,,,,,,,,,,,,,,,,,,,,,,,,,,,,,,,,,,,,,,,,,,,,,,,,,,,,,,,,,,,,,,,,,,
37Ar/39Ar calculation,Normal,,,,,,,,,,,,,,,,,,,,,,,,,,,,,,,,,,,,,,,,,,,,,,,,,,,,,,,,,,,,,,,,,,,,,,,,,,,,,,,,,,,,,,,,,,,,,,,,,,,,,,,,,,,,,,,,,,,,,,,,,,,,,,,,,,,,,,,,,,,,,,,,,,,,,,,,,,,,,,,,,,,,,,,,,,,,,,,,,,,,,,,,,,,,,,,,,,,,,,,,,,,,,,,,,,,,,,,,,,,,,,,,,,,,,,,,,,,,,,,,,,,,,,,,,,,,,,
,,,,,,,,,,,,,,,,,,,,,,,,,,,,,,,,,,,,,,,,,,,,,,,,,,,,,,,,,,,,,,,,,,,,,,,,,,,,,,,,,,,,,,,,,,,,,,,,,,,,,,,,,,,,,,,,,,,,,,,,,,,,,,,,,,,,,,,,,,,,,,,,,,,,,,,,,,,,,,,,,,,,,,,,,,,,,,,,,,,,,,,,,,,,,,,,,,,,,,,,,,,,,,,,,,,,,,,,,,,,,,,,,,,,,,,,,,,,,,,,,,,,,,,,,,,,,,,
--- Isotope curve fitting ---,,,,,,,,,,,,,,,,,,,,,,,,,,,,,,,,,,,,,,,,,,,,,,,,,,,,,,,,,,,,,,,,,,,,,,,,,,,,,,,,,,,,,,,,,,,,,,,,,,,,,,,,,,,,,,,,,,,,,,,,,,,,,,,,,,,,,,,,,,,,,,,,,,,,,,,,,,,,,,,,,,,,,,,,,,,,,,,,,,,,,,,,,,,,,,,,,,,,,,,,,,,,,,,,,,,,,,,,,,,,,,,,,,,,,,,,,,,,,,,,,,,,,,,,,,,,,,,
Parabolic vs. Linear probability cutoff,0.05,,,,,,,,,,,,,,,,,,,,,,,,,,,,,,,,,,,,,,,,,,,,,,,,,,,,,,,,,,,,,,,,,,,,,,,,,,,,,,,,,,,,,,,,,,,,,,,,,,,,,,,,,,,,,,,,,,,,,,,,,,,,,,,,,,,,,,,,,,,,,,,,,,,,,,,,,,,,,,,,,,,,,,,,,,,,,,,,,,,,,,,,,,,,,,,,,,,,,,,,,,,,,,,,,,,,,,,,,,,,,,,,,,,,,,,,,,,,,,,,,,,,,,,,,,,,,,
Error envelope as 1 or 2 sigma,1,,,,,,,,,,,,,,,,,,,,,,,,,,,,,,,,,,,,,,,,,,,,,,,,,,,,,,,,,,,,,,,,,,,,,,,,,,,,,,,,,,,,,,,,,,,,,,,,,,,,,,,,,,,,,,,,,,,,,,,,,,,,,,,,,,,,,,,,,,,,,,,,,,,,,,,,,,,,,,,,,,,,,,,,,,,,,,,,,,,,,,,,,,,,,,,,,,,,,,,,,,,,,,,,,,,,,,,,,,,,,,,,,,,,,,,,,,,,,,,,,,,,,,,,,,,,,,
Delete outliers within cycles before fit,FALSE,,,,,,,,,,,,,,,,,,,,,,,,,,,,,,,,,,,,,,,,,,,,,,,,,,,,,,,,,,,,,,,,,,,,,,,,,,,,,,,,,,,,,,,,,,,,,,,,,,,,,,,,,,,,,,,,,,,,,,,,,,,,,,,,,,,,,,,,,,,,,,,,,,,,,,,,,,,,,,,,,,,,,,,,,,,,,,,,,,,,,,,,,,,,,,,,,,,,,,,,,,,,,,,,,,,,,,,,,,,,,,,,,,,,,,,,,,,,,,,,,,,,,,,,,,,,,,
Average cycles before fit,FALSE,,,,,,,,,,,,,,,,,,,,,,,,,,,,,,,,,,,,,,,,,,,,,,,,,,,,,,,,,,,,,,,,,,,,,,,,,,,,,,,,,,,,,,,,,,,,,,,,,,,,,,,,,,,,,,,,,,,,,,,,,,,,,,,,,,,,,,,,,,,,,,,,,,,,,,,,,,,,,,,,,,,,,,,,,,,,,,,,,,,,,,,,,,,,,,,,,,,,,,,,,,,,,,,,,,,,,,,,,,,,,,,,,,,,,,,,,,,,,,,,,,,,,,,,,,,,,,
Delete outliers after fit,TRUE,,,,,,,,,,,,,,,,,,,,,,,,,,,,,,,,,,,,,,,,,,,,,,,,,,,,,,,,,,,,,,,,,,,,,,,,,,,,,,,,,,,,,,,,,,,,,,,,,,,,,,,,,,,,,,,,,,,,,,,,,,,,,,,,,,,,,,,,,,,,,,,,,,,,,,,,,,,,,,,,,,,,,,,,,,,,,,,,,,,,,,,,,,,,,,,,,,,,,,,,,,,,,,,,,,,,,,,,,,,,,,,,,,,,,,,,,,,,,,,,,,,,,,,,,,,,,,
Number of iterations of deleting outliers after fit,1,,,,,,,,,,,,,,,,,,,,,,,,,,,,,,,,,,,,,,,,,,,,,,,,,,,,,,,,,,,,,,,,,,,,,,,,,,,,,,,,,,,,,,,,,,,,,,,,,,,,,,,,,,,,,,,,,,,,,,,,,,,,,,,,,,,,,,,,,,,,,,,,,,,,,,,,,,,,,,,,,,,,,,,,,,,,,,,,,,,,,,,,,,,,,,,,,,,,,,,,,,,,,,,,,,,,,,,,,,,,,,,,,,,,,,,,,,,,,,,,,,,,,,,,,,,,,,
"Cutoff for detecting outliers, sigma",2,,,,,,,,,,,,,,,,,,,,,,,,,,,,,,,,,,,,,,,,,,,,,,,,,,,,,,,,,,,,,,,,,,,,,,,,,,,,,,,,,,,,,,,,,,,,,,,,,,,,,,,,,,,,,,,,,,,,,,,,,,,,,,,,,,,,,,,,,,,,,,,,,,,,,,,,,,,,,,,,,,,,,,,,,,,,,,,,,,,,,,,,,,,,,,,,,,,,,,,,,,,,,,,,,,,,,,,,,,,,,,,,,,,,,,,,,,,,,,,,,,,,,,,,,,,,,,
Method of centroid location is ,Mean,,,,,,,,,,,,,,,,,,,,,,,,,,,,,,,,,,,,,,,,,,,,,,,,,,,,,,,,,,,,,,,,,,,,,,,,,,,,,,,,,,,,,,,,,,,,,,,,,,,,,,,,,,,,,,,,,,,,,,,,,,,,,,,,,,,,,,,,,,,,,,,,,,,,,,,,,,,,,,,,,,,,,,,,,,,,,,,,,,,,,,,,,,,,,,,,,,,,,,,,,,,,,,,,,,,,,,,,,,,,,,,,,,,,,,,,,,,,,,,,,,,,,,,,,,,,,,
,,,,,,,,,,,,,,,,,,,,,,,,,,,,,,,,,,,,,,,,,,,,,,,,,,,,,,,,,,,,,,,,,,,,,,,,,,,,,,,,,,,,,,,,,,,,,,,,,,,,,,,,,,,,,,,,,,,,,,,,,,,,,,,,,,,,,,,,,,,,,,,,,,,,,,,,,,,,,,,,,,,,,,,,,,,,,,,,,,,,,,,,,,,,,,,,,,,,,,,,,,,,,,,,,,,,,,,,,,,,,,,,,,,,,,,,,,,,,,,,,,,,,,,,,,,,,,,
--- Files ---,,,,,,,,,,,,,,,,,,,,,,,,,,,,,,,,,,,,,,,,,,,,,,,,,,,,,,,,,,,,,,,,,,,,,,,,,,,,,,,,,,,,,,,,,,,,,,,,,,,,,,,,,,,,,,,,,,,,,,,,,,,,,,,,,,,,,,,,,,,,,,,,,,,,,,,,,,,,,,,,,,,,,,,,,,,,,,,,,,,,,,,,,,,,,,,,,,,,,,,,,,,,,,,,,,,,,,,,,,,,,,,,,,,,,,,,,,,,,,,,,,,,,,,,,,,,,,,
Irradiation data file,/Untitled,,,,,,,,,,,,,,,,,,,,,,,,,,,,,,,,,,,,,,,,,,,,,,,,,,,,,,,,,,,,,,,,,,,,,,,,,,,,,,,,,,,,,,,,,,,,,,,,,,,,,,,,,,,,,,,,,,,,,,,,,,,,,,,,,,,,,,,,,,,,,,,,,,,,,,,,,,,,,,,,,,,,,,,,,,,,,,,,,,,,,,,,,,,,,,,,,,,,,,,,,,,,,,,,,,,,,,,,,,,,,,,,,,,,,,,,,,,,,,,,,,,,,,,,,,,,,,
J Adjustment table,/Untitled,,,,,,,,,,,,,,,,,,,,,,,,,,,,,,,,,,,,,,,,,,,,,,,,,,,,,,,,,,,,,,,,,,,,,,,,,,,,,,,,,,,,,,,,,,,,,,,,,,,,,,,,,,,,,,,,,,,,,,,,,,,,,,,,,,,,,,,,,,,,,,,,,,,,,,,,,,,,,,,,,,,,,,,,,,,,,,,,,,,,,,,,,,,,,,,,,,,,,,,,,,,,,,,,,,,,,,,,,,,,,,,,,,,,,,,,,,,,,,,,,,,,,,,,,,,,,,